,id,lat,long,hour,proj,pltGrp,pltPosition,label
0,22879,22.7132,113.823898,6,27,0,0,1
1,22880,22.6196,113.857002,12,24,1,0,1
2,22881,22.6686,114.027702,16,7,2,0,1
3,22882,22.682301,114.0448,0,6,3,0,1
4,22883,22.672199,114.026199,14,8,4,0,1
5,22884,22.587299,113.876801,16,22,5,0,1
6,22885,22.5707,113.864403,2,23,6,0,1
7,22886,22.5837,113.889999,1,20,7,0,1
8,22888,22.561899,113.834999,10,26,8,0,1
9,22889,22.669001,114.021301,2,8,9,0,1
10,22890,22.7173,114.018997,7,8,10,0,1
11,22891,22.5872,113.896103,9,20,11,0,1
12,22892,22.658001,114.016197,7,9,10,0,1
13,22893,22.6168,113.861702,16,23,5,0,1
14,22894,22.6786,113.8908,1,20,7,0,1
15,22895,22.658001,114.016701,4,8,12,0,1
16,22896,22.6884,113.8181,0,27,13,0,1
17,22898,22.602501,113.853302,21,24,14,0,1
18,22899,22.7208,114.016197,6,9,15,0,1
19,22900,22.6745,113.809898,14,28,16,0,1
20,22901,22.565701,113.873596,1,22,7,0,1
21,22902,22.576799,113.821602,14,27,16,0,1
22,22903,22.693451,114.042786,19,6,17,0,1
23,22905,22.708384,114.059685,11,4,18,0,1
24,22908,22.624916,114.031036,13,7,19,0,1
25,22910,22.681101,114.014252,0,9,3,0,1
26,22911,22.6731,114.004898,10,10,8,0,1
27,22912,22.648018,114.033569,6,7,15,0,1
28,22913,22.629984,114.041603,1,6,20,0,1
29,22914,22.589817,114.050133,11,5,18,0,1
30,22915,22.598783,113.964371,7,13,21,0,1
31,22916,22.614599,114.035767,3,7,22,0,1
32,22917,22.608067,114.055634,4,5,23,0,1
33,22918,22.734917,114.005852,11,9,18,0,1
34,22919,22.497267,113.914085,15,18,24,0,1
35,22921,22.628799,114.027664,5,7,25,0,1
36,22922,22.67465,114.024696,14,8,4,0,1
37,22923,22.72205,114.001602,3,10,22,0,1
38,22925,22.622717,114.067131,10,4,8,0,1
39,22926,22.66025,114.014381,20,9,26,0,1
40,22927,22.651501,114.013069,6,9,15,0,1
41,22928,22.6131,114.022301,3,8,22,0,1
42,22929,22.656401,114.043869,3,6,22,0,1
43,22930,22.610233,113.936249,22,16,27,0,1
44,22931,22.6642,114.01033,3,9,22,0,1
45,22932,22.6674,113.982918,15,12,28,0,1
46,22934,22.669582,113.885513,22,21,27,0,1
47,22935,22.614166,114.027786,3,7,22,0,1
48,22937,22.612749,114.027451,19,7,17,0,1
49,22938,22.580267,113.87912,19,21,29,0,1
50,22939,22.689333,113.951233,3,15,30,0,1
51,22940,22.657633,114.016548,9,8,31,0,1
52,22941,22.62355,114.028847,20,7,26,0,1
53,22943,22.599466,113.808586,22,28,27,0,1
54,22945,22.608383,114.034218,0,7,3,0,1
55,22946,22.556383,114.021568,11,8,18,0,1
56,22947,22.56045,114.042,19,6,17,0,1
57,22948,22.6294,114.024582,16,8,2,0,1
58,22949,22.571182,114.05307,0,5,3,0,1
59,22950,22.543016,113.961136,15,14,32,0,1
60,22951,22.746483,113.813751,21,28,14,0,1
61,22952,22.547684,114.009102,1,9,20,0,1
62,22954,22.667299,113.813904,10,28,8,0,1
63,22955,22.5653,113.859398,17,23,33,0,1
64,22956,22.680599,113.855202,2,24,6,0,1
65,22957,22.658501,113.821899,10,27,8,0,1
66,22958,22.6493,113.826797,10,26,8,0,1
67,22959,22.6915,113.842499,11,25,34,0,1
68,22960,22.5539,113.859398,22,23,27,0,1
69,22961,22.6213,113.7967,16,29,35,0,1
70,22962,22.666,113.856499,8,24,36,0,1
71,22963,22.7335,114.0168,21,8,37,0,1
72,22964,22.571199,113.894302,12,20,1,0,1
73,22965,22.676399,113.821899,19,27,29,0,1
74,22966,22.5819,113.874496,3,22,38,0,1
75,22967,22.644699,113.830101,12,26,39,0,1
76,22968,22.6322,113.899803,10,20,8,0,1
77,22969,22.664,113.979599,17,12,40,0,1
78,22970,22.600533,113.961098,17,14,41,0,1
79,22971,22.638399,114.045998,18,6,42,0,1
80,22972,22.604549,114.044868,22,6,43,0,1
81,22973,22.5809,113.922218,20,17,44,0,1
82,22974,22.6124,114.027885,3,7,22,0,1
83,22975,22.539133,113.91407,20,18,44,0,1
84,22976,22.514732,113.90168,17,19,41,0,1
85,22977,22.552584,114.068214,7,4,45,0,1
86,22978,22.558033,113.963997,20,13,26,0,1
87,22979,22.60265,114.067551,17,4,46,0,1
88,22980,22.663668,114.018219,0,8,3,0,1
89,22981,22.541384,113.921631,12,17,1,0,1
90,22982,22.613216,113.837616,10,25,8,0,1
91,22983,22.537382,113.933434,8,16,36,0,1
92,22984,22.523367,113.93232,19,16,47,0,1
93,22986,22.612,113.952652,4,15,48,0,1
94,22987,22.583767,113.928329,6,17,49,0,1
95,22988,22.568733,113.875648,9,22,11,0,1
96,22989,22.55245,114.044136,22,6,43,0,1
97,22990,22.566317,113.891052,8,20,36,0,1
98,22991,22.517883,113.928329,7,17,50,0,1
99,22992,22.59285,114.047501,7,6,10,0,1
100,22993,22.658768,114.00293,4,10,12,0,1
101,22994,22.5322,114.020714,22,8,43,0,1
102,22995,22.631367,114.02552,11,8,18,0,1
103,22996,22.722616,114.071884,19,3,17,0,1
104,22997,22.712299,114.009102,3,9,22,0,1
105,22998,22.6416,114.028732,11,7,18,0,1
106,22999,22.703716,114.0783,8,3,51,0,1
107,23000,22.656683,114.014153,16,9,2,0,1
108,23001,22.630583,114.06295,5,4,25,0,1
109,23002,22.617483,114.036903,15,7,28,0,1
110,23003,22.609882,114.097931,2,1,52,0,1
111,23004,22.624718,114.0345,16,7,2,0,1
112,23005,22.56785,113.871651,14,22,16,0,1
113,23006,22.657967,114.02285,12,8,53,0,1
114,23007,22.673483,113.995567,15,10,28,0,1
115,23009,22.602133,114.031532,17,7,46,0,1
116,23011,22.644251,113.8134,1,28,54,0,1
117,23013,22.625467,114.060303,5,4,25,0,1
118,23014,22.633232,114.064819,18,4,42,0,1
119,23015,22.659817,113.958267,7,14,21,0,1
120,23016,22.688116,114.012016,15,9,28,0,1
121,23017,22.676483,113.978348,20,12,26,0,1
122,23018,22.735201,114.007919,0,9,3,0,1
123,23019,22.732782,114.007217,7,9,10,0,1
124,23021,22.735567,113.808464,0,28,13,0,1
125,23022,22.616367,114.013016,14,9,4,0,1
126,23024,22.68395,113.894852,19,20,29,0,1
127,23025,22.572399,113.988914,21,11,37,0,1
128,23026,22.5686,113.927803,11,17,55,0,1
129,23027,22.574118,113.863464,7,23,56,0,1
130,23028,22.5369,114.058952,2,4,9,0,1
131,23029,22.597,114.044998,7,6,10,0,1
132,23030,22.63508,114.029076,20,7,26,0,1
133,23031,22.549749,113.908951,14,19,57,0,1
134,23032,22.599466,113.864403,3,23,38,0,1
135,23033,22.520399,113.905502,11,19,55,0,1
136,23034,22.527683,113.81382,22,28,27,0,1
137,23035,22.635763,113.858521,11,23,55,0,1
138,23037,22.542601,113.924187,3,17,58,0,1
139,23040,22.566717,114.022331,22,8,43,0,1
140,23041,22.522766,114.042831,20,6,26,0,1
141,23042,22.558867,114.061836,6,4,15,0,1
142,23043,22.575632,113.8797,6,21,49,0,1
143,23044,22.593849,113.86998,10,22,8,0,1
144,23045,22.680117,113.812737,9,28,11,0,1
145,23046,22.623283,114.022453,13,8,19,0,1
146,23047,22.651833,114.00872,9,9,31,0,1
147,23048,22.611601,113.855103,20,24,44,0,1
148,23049,22.645617,114.020248,11,8,18,0,1
149,23050,22.628366,114.04113,16,6,2,0,1
150,23051,22.652666,114.017036,7,8,10,0,1
151,23052,22.591299,113.807404,10,28,8,0,1
152,23053,22.6745,114.014603,1,9,20,0,1
153,23054,22.650999,113.900002,10,19,8,0,1
154,23055,22.5667,113.8899,15,20,24,0,1
155,23056,22.6255,113.809799,22,28,27,0,1
156,23057,22.570499,113.864601,20,23,44,0,1
157,23058,22.6681,113.803497,17,29,-1,0,1
158,23059,22.5949,113.821899,17,27,59,0,1
159,23060,22.628,114.037399,0,6,3,0,1
160,23061,22.584299,113.859497,2,23,6,0,1
161,23063,22.5751,113.8843,22,21,27,0,1
162,23064,22.560316,114.024399,16,8,2,0,1
163,23065,22.5846,114.055901,0,5,3,0,1
164,23066,22.542967,114.067314,1,4,20,0,1
165,23067,22.563999,113.952698,8,15,60,0,1
166,23068,22.528049,114.029915,15,7,28,0,1
167,23069,22.542999,113.9188,15,18,24,0,1
168,23070,22.559883,113.907997,0,19,13,0,1
169,23071,22.578083,114.067863,2,4,9,0,1
170,23072,22.574333,113.932365,20,16,44,0,1
171,23073,22.533466,113.962234,21,14,14,0,1
172,23074,22.567533,114.012833,9,9,31,0,1
173,23075,22.5945,114.033699,21,7,37,0,1
174,23076,22.555866,114.031631,5,7,25,0,1
175,23077,22.531918,114.054436,6,5,15,0,1
176,23078,22.576233,114.037201,21,7,37,0,1
177,23079,22.531834,113.81163,6,28,0,0,1
178,23080,22.617884,113.873985,7,22,56,0,1
179,23081,22.604418,113.854019,0,24,13,0,1
180,23082,22.618467,113.835152,2,26,61,0,1
181,23083,22.4785,113.905136,5,19,62,0,1
182,23084,22.543301,113.959335,5,14,25,0,1
183,23085,22.55995,114.062897,20,4,26,0,1
184,23086,22.515083,113.812653,12,28,39,0,1
185,23087,22.533533,113.905785,8,19,36,0,1
186,23088,22.547083,114.080734,15,2,28,0,1
187,23089,22.575068,113.902885,20,19,44,0,1
188,23090,22.530033,113.974365,14,12,57,0,1
189,23091,22.58445,114.042152,20,6,26,0,1
190,23093,22.613867,114.055565,0,5,3,0,1
191,23095,22.523067,114.024582,3,8,22,0,1
192,23096,22.754499,113.924431,5,17,62,0,1
193,23097,22.531082,113.96035,4,14,48,0,1
194,23098,22.587334,113.82373,17,27,59,0,1
195,23099,22.613617,114.008453,11,9,18,0,1
196,23100,22.607616,114.029518,6,7,15,0,1
197,23101,22.612,113.926697,7,17,50,0,1
198,23102,22.569633,114.048882,0,5,3,0,1
199,23104,22.543182,114.065865,0,4,3,0,1
200,23105,22.531717,114.066963,19,4,17,0,1
201,23106,22.5312,114.015297,9,9,31,0,1
202,23107,22.731302,113.837852,8,25,63,0,1
203,23108,22.538,114.0681,10,4,8,0,1
204,23109,22.593718,114.037247,21,7,37,0,1
205,23111,22.559046,113.977615,16,12,-1,0,1
206,23112,22.61335,114.056519,15,5,28,0,1
207,23113,22.554199,114.062431,6,4,15,0,1
208,23114,22.565571,114.049973,22,5,43,0,1
209,23115,22.60635,114.008667,15,9,28,0,1
210,23116,22.631634,113.927849,2,17,64,0,1
211,23117,22.531773,114.060135,19,4,17,0,1
212,23118,22.6014,114.043297,11,6,18,0,1
213,23119,22.543234,113.918564,12,18,1,0,1
214,23120,22.546093,114.034889,9,7,31,0,1
215,23122,22.770733,113.839783,1,25,7,0,1
216,23123,22.563232,113.890747,12,20,1,0,1
217,23124,22.689449,113.966599,22,13,27,0,1
218,23125,22.580833,113.880035,3,21,38,0,1
219,23126,22.602583,113.842751,0,25,13,0,1
220,23127,22.676184,113.955101,0,14,65,0,1
221,23128,22.6089,114.073402,17,3,46,0,1
222,23129,22.526583,114.044884,19,6,17,0,1
223,23130,22.5341,113.9851,22,11,43,0,1
224,23131,22.5273,113.843498,9,25,11,0,1
225,23132,22.634018,113.812836,9,28,11,0,1
226,23133,22.5382,114.063301,11,4,18,0,1
227,23134,22.5404,113.991997,18,11,66,0,1
228,23135,22.606617,113.840599,13,25,67,0,1
229,23136,22.596201,113.86013,7,23,56,0,1
230,23137,22.557501,113.949066,18,15,-1,0,1
231,23138,22.5963,113.874832,11,22,55,0,1
232,23139,22.594334,113.840401,10,25,8,0,1
233,23140,22.569183,113.8787,16,22,5,0,1
234,23141,22.622801,114.088203,9,2,68,0,1
235,23142,22.562366,113.878853,15,22,24,0,1
236,23143,22.576166,113.869186,1,22,7,0,1
237,23144,22.582317,113.834351,10,26,8,0,1
238,23145,22.599068,113.837135,22,25,27,0,1
239,23146,22.561283,113.857948,2,23,6,0,1
240,23147,22.575399,113.864365,7,23,56,0,1
241,23148,22.538099,114.035896,15,7,28,0,1
242,23149,22.658684,113.801331,0,29,13,0,1
243,23150,22.538099,114.048203,16,5,2,0,1
244,23151,22.768167,113.846268,5,25,62,0,1
245,23152,22.5902,114.044899,13,6,19,0,1
246,23153,22.583151,113.865685,19,23,29,0,1
247,23154,22.561783,113.829636,15,26,69,0,1
248,23155,22.579533,113.860985,22,23,27,0,1
249,23156,22.529432,113.920502,22,18,27,0,1
250,23157,22.569599,114.054047,8,5,51,0,1
251,23158,22.527918,113.924614,6,17,49,0,1
252,23159,22.563084,114.04982,11,5,18,0,1
253,23160,22.566084,114.057899,0,5,3,0,1
254,23161,22.551933,114.058121,19,5,17,0,1
255,23162,22.556299,113.904785,20,19,44,0,1
256,23163,22.537382,114.054619,22,5,43,0,1
257,23164,22.569567,114.011581,8,9,51,0,1
258,23165,22.61145,114.032135,15,7,28,0,1
259,23166,22.638468,114.0252,16,8,2,0,1
260,23167,22.559349,114.014931,7,9,10,0,1
261,23168,22.62915,113.853767,4,24,70,0,1
262,23169,22.537233,114.039902,5,6,25,0,1
263,23170,22.62575,113.850304,3,24,71,0,1
264,23171,22.553534,113.927567,1,17,72,0,1
265,23172,22.5693,114.062431,12,4,53,0,1
266,23173,22.604383,113.784134,5,30,-1,0,1
267,23174,22.610767,114.021553,5,8,25,0,1
268,23175,22.538633,114.022484,5,8,25,0,1
269,23176,22.56555,113.936081,5,16,62,0,1
270,23177,22.5707,114.018204,8,8,51,0,1
271,23178,22.585699,113.935303,8,16,36,0,1
272,23179,22.5308,113.920097,4,18,73,0,1
273,23180,22.683083,113.933685,18,16,-1,0,1
274,23181,22.560633,113.885696,17,21,41,0,1
275,23182,22.56275,113.873764,1,22,7,0,1
276,23183,22.620533,113.842903,3,25,71,0,1
277,23185,22.68095,113.823517,12,27,39,0,1
278,23186,22.68705,113.824402,5,27,62,0,1
279,23187,22.595716,113.840614,2,25,61,0,1
280,23188,22.564283,113.813133,4,28,74,0,1
281,23195,22.626917,113.809685,5,28,62,0,1
282,23196,22.541834,114.02002,20,8,26,0,1
283,23197,22.5667,114.088501,22,2,43,0,1
284,23199,22.541117,114.060715,11,4,18,0,1
285,23200,22.600883,114.044235,14,6,4,0,1
286,23201,22.583817,113.948784,14,15,57,0,1
287,23202,22.5355,114.079048,22,3,43,0,1
288,23203,22.518732,113.919434,9,18,75,0,1
289,23204,22.604767,114.011665,11,9,18,0,1
290,23206,22.6136,113.883751,22,21,27,0,1
291,23208,22.559868,114.087265,1,2,76,0,1
292,23209,22.593975,113.949013,14,15,57,0,1
293,23210,22.5082,113.927299,6,17,49,0,1
294,23211,22.551249,114.050529,10,5,8,0,1
295,23212,22.575451,114.098831,21,1,-1,0,1
296,23213,22.574499,113.878304,2,22,6,0,1
297,23214,22.532103,113.965714,14,13,57,0,1
298,23215,22.586782,113.819679,11,27,34,0,1
299,23219,22.537769,113.987526,11,11,18,0,1
300,23220,22.5653,114.029503,12,7,53,0,1
301,23221,22.662901,114.019966,21,8,37,0,1
302,23222,22.754499,113.833702,21,26,14,0,1
303,23223,22.525133,113.914452,16,18,77,0,1
304,23225,22.547449,114.06813,5,4,25,0,1
305,23226,22.5863,114.045937,3,6,22,0,1
306,23227,22.53285,114.077766,15,3,28,0,1
307,23228,22.621349,113.807915,7,28,78,0,1
308,23229,22.633301,114.032799,0,7,3,0,1
309,23230,22.534657,114.048332,14,5,4,0,1
310,23231,22.626625,113.809959,13,28,67,0,1
311,23232,22.5313,113.948402,0,15,65,0,1
312,23233,22.625999,113.929199,8,17,36,0,1
313,23234,22.658216,113.930565,12,17,1,0,1
314,23235,22.567717,113.89212,9,20,11,0,1
315,23236,22.6875,113.895798,9,20,11,0,1
316,23237,22.554399,113.981201,2,12,-1,0,1
317,23239,22.663441,113.84211,10,25,8,0,1
318,23240,22.574867,113.813103,12,28,39,0,1
319,23241,22.533333,114.040436,0,6,3,0,1
320,23242,22.578899,113.889999,10,20,8,0,1
321,23243,22.532303,113.925301,14,17,57,0,1
322,23244,22.573483,113.810135,13,28,67,0,1
323,23245,22.588882,113.871933,16,22,5,0,1
324,23246,22.521173,114.061028,10,4,8,0,1
325,23247,22.558083,114.091034,8,1,51,0,1
326,23249,22.6098,113.839401,0,25,13,0,1
327,23250,22.780199,113.887901,11,21,55,0,1
328,23251,22.56539,113.971069,13,13,79,0,1
329,23253,22.6572,113.814682,12,28,39,0,1
330,23254,22.584867,113.86573,21,23,14,0,1
331,23255,22.555,114.03598,14,7,4,0,1
332,23256,22.525383,113.925156,21,17,14,0,1
333,23257,22.559767,113.93251,13,16,79,0,1
334,23258,22.636299,114.056602,23,5,80,0,1
335,23259,22.524593,114.04866,11,5,18,0,1
336,23260,22.592123,114.048569,14,5,4,0,1
337,23261,22.534933,113.959114,13,14,79,0,1
338,23264,22.537634,113.974464,9,12,-1,0,1
339,23265,22.539133,114.099152,10,1,8,0,1
340,23266,22.531601,114.0625,9,4,31,0,1
341,23267,22.5886,113.853149,5,24,62,0,1
342,23270,22.661034,113.860046,10,23,8,0,1
343,23271,22.558701,113.900101,3,19,81,0,1
344,23272,22.6189,113.855736,15,24,24,0,1
345,23273,22.534201,114.019699,10,8,8,0,1
346,23274,22.622999,113.806801,9,28,11,0,1
347,23275,22.560699,114.062302,10,4,8,0,1
348,23277,22.664482,114.042351,5,6,25,0,1
349,23278,22.61865,113.835136,3,26,71,0,1
350,23279,22.548683,114.044334,5,6,25,0,1
351,23281,22.590166,113.843002,14,25,16,0,1
352,23282,22.575493,113.98243,10,12,8,0,1
353,23283,22.523817,114.056068,8,5,51,0,1
354,23284,22.545891,113.967697,15,13,32,0,1
355,23285,22.531868,114.037209,14,7,4,0,1
356,23286,22.660618,114.0158,22,9,43,0,1
357,23287,22.73925,114.017265,5,8,25,0,1
358,23288,22.5422,114.015617,17,9,46,0,1
359,23289,22.550234,113.88868,9,21,11,0,1
360,23290,22.655001,114.020401,5,8,25,0,1
361,23291,22.579918,113.842499,8,25,63,0,1
362,23292,22.588266,113.828568,21,26,14,0,1
363,23293,22.639826,114.014359,12,9,53,0,1
364,23294,22.6495,114.0103,9,9,31,0,1
365,23295,22.6576,114.0411,13,6,19,0,1
366,23296,22.523994,113.92585,10,17,8,0,1
367,23297,22.54615,114.043098,4,6,23,0,1
368,23298,22.5821,113.9095,8,19,36,0,1
369,23299,22.561701,113.813202,10,28,8,0,1
370,23300,22.535316,113.910629,9,18,75,0,1
371,23301,22.522499,114.036499,11,7,18,0,1
372,23303,22.555401,114.023003,20,8,26,0,1
373,23304,22.575733,113.856201,9,24,11,0,1
374,23305,22.675568,113.859253,5,23,62,0,1
375,23306,22.554785,113.92836,10,17,8,0,1
376,23309,22.546583,114.034615,20,7,26,0,1
377,23311,22.5441,114.05867,3,4,22,0,1
378,23312,22.544733,113.930801,15,17,24,0,1
379,23313,22.570618,114.099953,19,1,82,0,1
380,23314,22.5842,113.870598,1,22,7,0,1
381,23315,22.493401,113.919601,6,18,49,0,1
382,23316,22.618683,113.810066,8,28,83,0,1
383,23317,22.538776,113.840759,11,25,34,0,1
384,23318,22.624399,114.015099,3,9,22,0,1
385,23321,22.5753,113.861298,2,23,6,0,1
386,23322,22.679068,113.884964,0,21,13,0,1
387,23323,22.664717,114.012817,4,9,12,0,1
388,23324,22.551386,114.059975,23,4,80,0,1
389,23325,22.569599,113.947197,12,15,1,0,1
390,23326,22.735067,114.054832,17,5,46,0,1
391,23327,22.626457,113.81266,22,28,27,0,1
392,23329,22.7416,113.841202,16,25,5,0,1
393,23330,22.540899,113.874184,22,22,27,0,1
394,23331,22.7111,114.0327,11,7,18,0,1
395,23332,22.557699,113.798599,0,29,13,0,1
396,23333,22.6675,114.0075,22,9,43,0,1
397,23335,22.6665,114.028885,16,7,2,0,1
398,23339,22.58255,114.054031,10,5,8,0,1
399,23341,22.621401,114.030602,1,7,20,0,1
400,23342,22.6619,114.000397,1,10,20,0,1
401,23343,22.521,113.893967,0,20,13,0,1
402,23344,22.6297,114.074097,10,3,8,0,1
403,23345,22.612232,113.843147,11,25,34,0,1
404,23346,22.572618,114.085335,9,2,68,0,1
405,23347,22.61055,114.023315,15,8,28,0,1
406,23348,22.519102,113.920425,4,18,73,0,1
407,23349,22.532084,114.016502,14,8,4,0,1
408,23350,22.516928,113.914268,15,18,24,0,1
409,23351,22.625299,113.971603,11,13,55,0,1
410,23352,22.730301,114.010101,19,9,17,0,1
411,23353,22.619301,114.040901,0,6,3,0,1
412,23354,22.517183,113.922134,14,17,57,0,1
413,23355,22.507717,113.945396,20,15,26,0,1
414,23356,22.576283,114.051018,11,5,18,0,1
415,23357,22.6264,114.055702,1,5,20,0,1
416,23358,22.694599,113.827797,0,26,13,0,1
417,23359,22.715099,113.921799,3,17,58,0,1
418,23360,22.558649,114.099785,22,1,43,0,1
419,23361,22.6122,114.027397,10,7,8,0,1
420,23362,22.567278,113.942268,10,16,8,0,1
421,23363,22.629499,114.0457,1,6,20,0,1
422,23366,22.538967,114.031967,2,7,9,0,1
423,23367,22.6343,114.0327,0,7,3,0,1
424,23368,22.7096,113.901802,10,19,8,0,1
425,23369,22.6264,113.812401,12,28,39,0,1
426,23370,22.5734,113.823402,0,27,13,0,1
427,23372,22.6915,114.024399,7,8,10,0,1
428,23373,22.660999,114.007797,15,9,28,0,1
429,23374,22.6584,114.007301,23,9,84,0,1
430,23375,22.563566,113.889366,19,21,29,0,1
431,23376,22.574833,113.916496,22,18,27,0,1
432,23377,22.543833,113.918701,14,18,57,0,1
433,23378,22.560034,114.088547,10,2,8,0,1
434,23379,22.508083,113.931297,11,17,55,0,1
435,23380,22.6262,113.8134,9,28,11,0,1
436,23381,22.613375,114.033669,1,7,20,0,1
437,23384,22.532,114.067253,15,4,28,0,1
438,23386,22.638517,114.033066,10,7,8,0,1
439,23387,22.540533,114.092934,20,1,85,0,1
440,23388,22.624832,114.055679,12,5,53,0,1
441,23390,22.544867,114.084213,11,2,18,0,1
442,23391,22.558266,113.962135,10,14,8,0,1
443,23394,22.5751,113.874603,9,22,11,0,1
444,23398,22.621799,114.057198,10,5,8,0,1
445,23399,22.625168,113.8134,16,28,86,0,1
446,23402,22.529449,114.046669,3,6,22,0,1
447,23403,22.549667,114.058098,21,5,37,0,1
448,23404,22.557983,113.946419,21,15,14,0,1
449,23405,22.5359,114.100784,16,1,87,0,1
450,23406,22.7335,113.902496,10,19,8,0,1
451,23407,22.6745,114.024902,9,8,31,0,1
452,23408,22.583799,113.983368,11,12,18,0,1
453,23409,22.543118,114.07653,14,3,4,0,1
454,23410,22.66795,114.019997,0,8,3,0,1
455,23411,22.539734,114.057968,13,5,19,0,1
456,23412,22.64855,114.032219,17,7,46,0,1
457,23413,22.604616,113.840797,13,25,67,0,1
458,23414,22.626801,113.809898,0,28,13,0,1
459,23415,22.5753,113.813103,0,28,13,0,1
460,23416,22.605917,113.83593,11,26,34,0,1
461,23417,22.6045,113.866798,20,23,44,0,1
462,23418,22.5354,114.058601,5,4,25,0,1
463,23419,22.6094,114.040985,20,6,26,0,1
464,23420,22.6551,114.025398,17,8,46,0,1
465,23421,22.549767,113.974052,3,12,88,0,1
466,23422,22.558718,113.905853,4,19,89,0,1
467,23423,22.551666,113.930298,3,17,58,0,1
468,23424,22.750483,113.927696,5,17,62,0,1
469,23427,22.542433,113.915604,5,18,62,0,1
470,23428,22.564983,114.047668,3,6,22,0,1
471,23429,22.555149,113.81218,22,28,27,0,1
472,23430,22.566099,113.879898,8,21,36,0,1
473,23431,22.7138,114.043503,0,6,3,0,1
474,23433,22.645447,114.027245,19,7,17,0,1
475,23434,22.562317,114.057732,22,5,43,0,1
476,23435,22.6408,114.012001,22,9,43,0,1
477,23436,22.556,114.010216,21,9,37,0,1
478,23437,22.661501,114.0075,9,9,31,0,1
479,23439,22.636316,114.010017,5,9,25,0,1
480,23440,22.5434,114.049484,4,5,23,0,1
481,23441,22.5501,114.044296,0,6,3,0,1
482,23442,22.62175,114.072151,10,3,8,0,1
483,23443,22.548283,113.928116,3,17,58,0,1
484,23444,22.557068,113.927101,2,17,64,0,1
485,23445,22.689783,114.099915,13,1,90,0,1
486,23446,22.619818,113.836433,22,26,27,0,1
487,23448,22.554382,114.026421,5,8,25,0,1
488,23449,22.564899,113.882004,0,21,13,0,1
489,23451,22.709932,113.800148,15,29,69,0,1
490,23454,22.552668,113.96122,5,14,25,0,1
491,23455,22.5499,114.054604,19,5,17,0,1
492,23456,22.593517,113.95507,13,14,79,0,1
493,23457,22.485683,113.928253,22,17,27,0,1
494,23458,22.616817,114.014832,15,9,28,0,1
495,23459,22.526817,113.931618,16,17,77,0,1
496,23460,22.662733,113.823166,14,27,16,0,1
497,23461,22.636,113.874199,21,22,14,0,1
498,23462,22.52725,113.915604,5,18,62,0,1
499,23463,22.6273,113.8097,23,28,91,0,1
500,23464,22.797117,113.757271,17,33,-1,0,1
501,23465,22.613016,113.963516,22,13,27,0,1
502,23466,22.551517,114.099548,13,1,90,0,1
503,23467,22.571133,114.035568,0,7,3,0,1
504,23468,22.616613,114.025749,10,8,8,0,1
505,23469,22.531717,113.927002,20,17,44,0,1
506,23470,22.573917,113.936066,10,16,8,0,1
507,23471,22.589001,113.870537,12,22,1,0,1
508,23472,22.603054,114.044785,15,6,28,0,1
509,23473,22.610382,113.818542,11,27,34,0,1
510,23474,22.603832,113.849823,13,24,67,0,1
511,23475,22.530733,113.94503,21,15,14,0,1
512,23476,22.57935,113.89045,8,20,36,0,1
513,23477,22.514334,113.911865,15,18,24,0,1
514,23478,22.659149,114.02388,19,8,17,0,1
515,23479,22.593082,114.028664,22,7,43,0,1
516,23480,22.629183,114.055603,6,5,15,0,1
517,23481,22.606833,114.072166,14,3,4,0,1
518,23482,22.543501,114.095001,10,1,8,0,1
519,23483,22.586782,114.038269,3,6,22,0,1
520,23485,22.664499,113.941002,14,16,57,0,1
521,23486,22.531883,114.073685,21,3,37,0,1
522,23488,22.629383,114.062119,12,4,53,0,1
523,23489,22.591734,114.017204,12,8,53,0,1
524,23490,22.586184,114.01738,19,8,17,0,1
525,23491,22.611,114.043503,0,6,3,0,1
526,23492,22.642717,114.032066,5,7,25,0,1
527,23494,22.523968,113.948402,19,15,47,0,1
528,23495,22.503651,113.914803,21,18,14,0,1
529,23496,22.53261,114.077629,11,3,18,0,1
530,23497,22.533733,113.961784,12,14,92,0,1
531,23498,22.626568,113.809952,8,28,83,0,1
532,23499,22.784401,113.887802,10,21,8,0,1
533,23500,22.613216,114.019081,5,8,25,0,1
534,23501,22.570749,113.929382,5,17,62,0,1
535,23502,22.522266,114.056519,12,5,53,0,1
536,23504,22.627268,114.034164,17,7,46,0,1
537,23505,22.543667,113.896416,5,20,62,0,1
538,23506,22.733418,114.011032,6,9,15,0,1
539,23507,22.556368,113.95295,20,14,26,0,1
540,23508,22.578432,113.897331,13,20,67,0,1
541,23509,22.583317,113.906883,1,19,72,0,1
542,23510,22.557301,114.041817,11,6,18,0,1
543,23513,22.608633,114.022797,9,8,31,0,1
544,23514,22.592707,113.878578,16,22,5,0,1
545,23515,22.614201,114.037399,0,6,3,0,1
546,23516,22.566133,114.039215,5,6,25,0,1
547,23517,22.531313,114.049576,22,5,43,0,1
548,23518,22.638451,114.045418,12,6,53,0,1
549,23519,22.735216,113.80217,9,29,11,0,1
550,23520,22.645987,114.023621,12,8,53,0,1
551,23521,22.519283,114.063034,15,4,28,0,1
552,23522,22.638901,114.045403,0,6,3,0,1
553,23525,22.536551,113.913567,10,18,8,0,1
554,23527,22.6751,113.813103,0,28,13,0,1
555,23528,22.707199,114.079803,0,2,-1,0,1
556,23529,22.637783,114.021019,21,8,37,0,1
557,23530,22.60025,114.068367,9,4,31,0,1
558,23533,22.6098,113.921684,2,17,64,0,1
559,23534,22.572517,113.966331,5,13,25,0,1
560,23535,22.537399,114.051216,17,5,46,0,1
561,23536,22.571533,113.8759,14,22,16,0,1
562,23538,22.553049,114.100136,6,1,93,0,1
563,23539,22.665199,114.013496,13,9,19,0,1
564,23540,22.580732,113.878754,21,22,14,0,1
565,23542,22.6756,114.030251,5,7,25,0,1
566,23543,22.658701,114.009247,10,9,8,0,1
567,23544,22.60405,114.0411,17,6,46,0,1
568,23545,22.630983,113.832481,9,26,11,0,1
569,23546,22.586599,113.870697,0,22,13,0,1
570,23547,22.672512,113.99897,9,10,31,0,1
571,23548,22.567333,114.090149,16,2,87,0,1
572,23549,22.613434,113.822136,15,27,69,0,1
573,23551,22.519768,113.94857,3,15,30,0,1
574,23552,22.487617,113.909073,11,19,55,0,1
575,23553,22.52755,114.046432,22,6,43,0,1
576,23554,22.58165,114.057152,18,5,42,0,1
577,23555,22.630033,114.014099,15,9,28,0,1
578,23556,22.687468,113.954399,20,14,26,0,1
579,23557,22.5721,113.812897,14,28,16,0,1
580,23559,22.565166,113.999748,19,10,17,0,1
581,23560,22.622784,113.846535,5,25,62,0,1
582,23561,22.536551,113.978683,13,12,79,0,1
583,23563,22.768167,113.836739,16,25,5,0,1
584,23564,22.591383,113.859329,10,23,8,0,1
585,23565,22.769699,113.897598,11,20,55,0,1
586,23566,22.5889,113.873802,6,22,49,0,1
587,23569,22.629417,114.019981,21,8,37,0,1
588,23570,22.6278,113.810799,0,28,13,0,1
589,23571,22.551649,114.067886,5,4,25,0,1
590,23572,22.531151,114.025566,18,8,94,0,1
591,23573,22.584118,113.904083,10,19,8,0,1
592,23574,22.638268,114.038849,19,6,17,0,1
593,23575,22.650066,114.01712,5,8,25,0,1
594,23576,22.70595,114.040619,12,6,53,0,1
595,23577,22.566683,114.035233,6,7,15,0,1
596,23578,22.646433,114.005669,1,10,20,0,1
597,23579,22.612633,113.842064,5,25,62,0,1
598,23580,22.557833,113.97995,5,12,25,0,1
599,23581,22.531384,114.054085,22,5,43,0,1
600,23582,22.570499,114.042168,21,6,37,0,1
601,23583,22.5816,113.901703,0,19,13,0,1
602,23584,22.6478,114.007401,10,9,8,0,1
603,23585,22.572201,113.893204,15,20,24,0,1
604,23586,22.57625,113.869102,20,22,44,0,1
605,23587,22.548349,114.004898,2,10,9,0,1
606,23588,22.604103,114.039482,14,6,4,0,1
607,23589,22.665867,114.015182,5,9,25,0,1
608,23591,22.535366,113.918854,9,18,75,0,1
609,23592,22.600582,114.04425,0,6,3,0,1
610,23593,22.531082,114.041603,12,6,53,0,1
611,23594,22.687201,113.958153,3,14,30,0,1
612,23595,22.606533,113.986053,5,11,25,0,1
613,23597,22.673759,114.022209,11,8,18,0,1
614,23599,22.5774,113.879997,0,21,13,0,1
615,23600,22.599684,114.034401,5,7,25,0,1
616,23601,22.642782,114.03875,5,6,25,0,1
617,23602,22.5599,114.081703,8,2,51,0,1
618,23604,22.571951,113.865463,11,23,55,0,1
619,23605,22.610817,113.907936,20,19,44,0,1
620,23606,22.558599,113.830582,0,26,13,0,1
621,23607,22.67565,114.036186,22,7,43,0,1
622,23608,22.7276,113.780052,10,31,-1,0,1
623,23609,22.524717,113.924049,4,17,73,0,1
624,23610,22.726566,113.816185,22,27,27,0,1
625,23611,22.584,113.8573,10,24,8,0,1
626,23613,22.571432,114.054932,4,5,23,0,1
627,23614,22.522766,113.9496,19,15,47,0,1
628,23615,22.617102,114.03331,19,7,17,0,1
629,23616,22.565783,113.908035,14,19,57,0,1
630,23617,22.512068,113.920647,5,18,62,0,1
631,23618,22.525299,113.81353,5,28,62,0,1
632,23619,22.53915,113.927132,15,17,24,0,1
633,23620,22.663733,114.01165,8,9,51,0,1
634,23621,22.6143,114.032204,0,7,3,0,1
635,23622,22.7178,114.044197,8,6,51,0,1
636,23624,22.6208,114.068336,14,4,4,0,1
637,23625,22.612516,114.029282,22,7,43,0,1
638,23626,22.549717,114.027679,0,7,3,0,1
639,23627,22.535299,113.991768,5,11,25,0,1
640,23628,22.566851,113.919502,21,18,14,0,1
641,23629,22.669382,113.811729,7,28,78,0,1
642,23630,22.586399,113.870903,21,22,14,0,1
643,23631,22.578016,113.8843,2,21,6,0,1
644,23632,22.581284,113.863953,16,23,5,0,1
645,23633,22.636801,114.023003,0,8,3,0,1
646,23634,22.5854,113.869301,9,22,11,0,1
647,23635,22.545168,113.90477,4,19,89,0,1
648,23636,22.530233,113.94973,10,15,8,0,1
649,23637,22.673349,113.823318,21,27,14,0,1
650,23638,22.625351,113.809616,6,28,0,0,1
651,23639,22.683399,113.834702,1,26,7,0,1
652,23641,22.575884,114.068336,11,4,18,0,1
653,23642,22.611183,114.054169,6,5,15,0,1
654,23643,22.623301,114.006104,11,9,18,0,1
655,23644,22.6008,114.082298,10,2,8,0,1
656,23645,22.538967,114.047897,0,6,3,0,1
657,23646,22.568684,114.019882,19,8,17,0,1
658,23647,22.731501,113.828003,6,26,0,0,1
659,23648,22.683001,113.993401,2,11,9,0,1
660,23649,22.5235,114.007797,10,9,8,0,1
661,23650,22.557899,114.008202,11,9,18,0,1
662,23651,22.549335,113.960526,11,14,55,0,1
663,23652,22.555067,113.893875,12,20,1,0,1
664,23653,22.5373,114.046402,1,6,20,0,1
665,23654,22.5583,113.987602,17,11,40,0,1
666,23655,22.559299,114.038498,3,6,22,0,1
667,23656,22.5429,113.8134,4,28,74,0,1
668,23657,22.517099,114.059502,9,4,31,0,1
669,23658,22.535601,114.044601,16,6,2,0,1
670,23659,22.5658,114.037498,8,6,51,0,1
671,23660,22.577499,113.813797,12,28,39,0,1
672,23661,22.523317,113.933853,20,16,44,0,1
673,23662,22.556633,113.955971,5,14,25,0,1
674,23663,22.565767,113.811684,7,28,78,0,1
675,23665,22.559334,113.92572,19,17,47,0,1
676,23666,22.535233,113.919952,19,18,47,0,1
677,23667,22.537617,113.891747,5,20,62,0,1
678,23668,22.563299,113.898598,6,20,49,0,1
679,23669,22.720417,113.814751,22,28,27,0,1
680,23670,22.546417,113.933868,2,16,64,0,1
681,23673,22.555849,113.90625,2,19,95,0,1
682,23674,22.544518,114.043365,8,6,51,0,1
683,23675,22.53455,114.041969,5,6,25,0,1
684,23676,22.599251,113.910049,5,19,62,0,1
685,23677,22.51635,114.059433,5,4,25,0,1
686,23678,22.548033,113.841553,0,25,13,0,1
687,23679,22.602934,113.970932,7,13,21,0,1
688,23680,22.6031,114.042381,2,6,9,0,1
689,23682,22.539917,114.027817,2,7,9,0,1
690,23683,22.53175,113.959152,5,14,25,0,1
691,23684,22.555349,114.052521,22,5,43,0,1
692,23685,22.505833,113.88942,16,21,5,0,1
693,23686,22.623583,114.027016,17,7,46,0,1
694,23687,22.579634,114.055565,20,5,26,0,1
695,23688,22.5079,113.923866,22,17,27,0,1
696,23689,22.5243,113.924347,22,17,27,0,1
697,23690,22.566517,114.058151,8,5,51,0,1
698,23691,22.531967,114.017769,22,8,43,0,1
699,23692,22.555433,114.016251,7,9,10,0,1
700,23694,22.589933,114.060402,22,4,43,0,1
701,23695,22.564983,114.050934,20,5,26,0,1
702,23696,22.590483,113.813751,8,28,83,0,1
703,23697,22.540182,114.050018,0,5,3,0,1
704,23699,22.553101,113.927734,14,17,57,0,1
705,23700,22.540268,114.081535,15,2,28,0,1
706,23701,22.557699,113.928802,8,17,36,0,1
707,23702,22.519501,113.927696,5,17,62,0,1
708,23703,22.5338,113.949097,21,15,14,0,1
709,23704,22.613001,113.921204,8,17,36,0,1
710,23705,22.5424,114.046997,10,6,8,0,1
711,23706,22.5987,113.9104,11,19,55,0,1
712,23707,22.527201,114.035896,0,7,3,0,1
713,23708,22.5242,114.034798,16,7,2,0,1
714,23709,22.520233,114.028366,22,7,43,0,1
715,23710,22.576633,113.947098,3,15,30,0,1
716,23711,22.567867,113.967979,11,13,55,0,1
717,23712,22.545982,114.022583,6,8,15,0,1
718,23713,22.561184,114.02623,16,8,2,0,1
719,23714,22.602234,114.011833,14,9,4,0,1
720,23716,22.584482,114.067619,22,4,43,0,1
721,23717,22.5431,113.866333,14,23,16,0,1
722,23719,22.589783,113.888313,11,21,55,0,1
723,23720,22.625967,113.939865,22,16,27,0,1
724,23721,22.538082,114.043282,14,6,4,0,1
725,23722,22.564367,114.042168,20,6,26,0,1
726,23723,22.545116,114.023369,8,8,51,0,1
727,23724,22.547417,114.043831,6,6,15,0,1
728,23725,22.619102,113.944649,9,15,75,0,1
729,23726,22.618767,113.835114,5,26,62,0,1
730,23727,22.550152,113.87896,19,21,29,0,1
731,23728,22.547033,113.932701,17,16,41,0,1
732,23729,22.515932,113.902916,5,19,62,0,1
733,23730,22.539301,113.98777,6,11,-1,0,1
734,23731,22.548349,114.015549,5,9,25,0,1
735,23732,22.5832,113.910919,5,18,62,0,1
736,23733,22.73505,113.824532,5,27,62,0,1
737,23734,22.594534,114.046783,5,6,25,0,1
738,23735,22.617149,113.813637,16,28,86,0,1
739,23736,22.5474,113.933701,22,16,27,0,1
740,23737,22.68051,113.930046,21,17,14,0,1
741,23738,22.588787,113.864929,21,23,14,0,1
742,23739,22.634253,113.934006,19,16,47,0,1
743,23740,22.561537,113.886589,11,21,55,0,1
744,23742,22.693235,114.033646,21,7,37,0,1
745,23743,22.733547,113.880424,13,21,67,0,1
746,23744,22.587032,113.871506,16,22,5,0,1
747,23745,22.629232,114.057503,22,5,43,0,1
748,23746,22.569878,113.900444,11,19,55,0,1
749,23747,22.58309,113.865776,19,23,29,0,1
750,23748,22.618076,113.814011,22,28,27,0,1
751,23750,22.677265,113.859802,15,23,24,0,1
752,23751,22.617405,113.856064,16,24,5,0,1
753,23752,22.561375,113.886559,10,21,8,0,1
754,23753,22.636103,113.815987,11,27,34,0,1
755,23755,22.587378,113.877045,11,22,55,0,1
756,23756,22.647839,114.077309,20,3,26,0,1
757,23763,22.684734,114.04409,20,6,26,0,1
758,23764,22.582127,113.857162,13,24,67,0,1
759,23765,22.616219,114.062958,19,4,17,0,1
760,23769,22.612356,114.04612,22,6,43,0,1
761,23770,22.580334,113.88517,13,21,67,0,1
762,23772,22.619732,114.027817,21,7,37,0,1
763,23774,22.640448,114.025108,19,8,17,0,1
764,23775,22.642944,114.057343,15,5,28,0,1
765,23778,22.642683,114.031494,16,7,2,0,1
766,23780,22.652733,113.816681,19,27,29,0,1
767,23781,22.773752,113.799866,14,29,16,0,1
768,23782,22.660221,113.882629,12,21,1,0,1
769,23783,22.584768,113.858879,20,23,44,0,1
770,23785,22.558891,114.034821,16,7,2,0,1
771,23786,22.62635,113.81002,14,28,16,0,1
772,23787,22.558706,114.065018,11,4,18,0,1
773,23788,22.612436,114.034515,15,7,28,0,1
774,23789,22.537666,114.040749,22,6,43,0,1
775,23790,22.681601,113.997803,13,10,-1,0,1
776,23791,22.628799,114.017303,10,8,8,0,1
777,23792,22.569401,113.8703,5,22,62,0,1
778,23793,22.6043,114.047096,16,6,2,0,1
779,23794,22.657301,113.8797,1,21,7,0,1
780,23795,22.5709,113.827202,11,26,34,0,1
781,23796,22.6292,113.810997,5,28,62,0,1
782,23797,22.666401,114.0373,6,7,15,0,1
783,23798,22.5879,113.818802,2,27,96,0,1
784,23799,22.5961,113.875,10,22,8,0,1
785,23800,22.588499,113.883301,11,21,55,0,1
786,23801,22.6245,113.807999,1,28,54,0,1
787,23802,22.563999,113.8853,22,21,27,0,1
788,23803,22.615801,113.913803,11,18,55,0,1
789,23804,22.5872,113.864502,21,23,14,0,1
790,23805,22.568701,113.878998,22,21,27,0,1
791,23806,22.6516,114.028,7,7,10,0,1
792,23807,22.6255,113.8424,19,25,29,0,1
793,23808,22.626301,114.026703,11,8,18,0,1
794,23810,22.644699,113.8116,22,28,27,0,1
795,23811,22.5639,113.894203,21,20,14,0,1
796,23813,22.611917,114.060654,10,4,8,0,1
797,23814,22.636101,114.026199,8,8,51,0,1
798,23815,22.638599,114.027901,19,7,17,0,1
799,23816,22.579201,113.8694,20,22,44,0,1
800,23817,22.561399,113.795502,3,29,97,0,1
801,23818,22.578899,113.876602,2,22,6,0,1
802,23819,22.8046,113.879799,19,21,29,0,1
803,23820,22.716,113.830803,22,26,27,0,1
804,23821,22.6835,113.833397,3,26,71,0,1
805,23823,22.7183,114.030098,20,7,26,0,1
806,23824,22.563299,113.902603,17,19,41,0,1
807,23825,22.7316,114.007797,0,9,3,0,1
808,23826,22.5935,113.8703,21,22,14,0,1
809,23827,22.6269,113.809799,11,28,34,0,1
810,23828,22.872499,113.833,17,26,59,0,1
811,23829,22.717167,114.030464,3,7,22,0,1
812,23830,22.609751,114.022133,6,8,15,0,1
813,23831,22.716717,114.004417,22,10,43,0,1
814,23832,22.660982,113.9888,20,11,26,0,1
815,23834,22.6523,114.010468,3,9,22,0,1
816,23835,22.614582,114.032097,11,7,18,0,1
817,23836,22.6003,114.037582,22,6,43,0,1
818,23837,22.647783,114.008415,3,9,22,0,1
819,23838,22.611668,114.083801,5,2,98,0,1
820,23840,22.626949,114.055534,3,5,22,0,1
821,23842,22.636368,114.023453,6,8,15,0,1
822,23843,22.669634,114.081436,3,2,22,0,1
823,23844,22.71785,114.036133,3,7,22,0,1
824,23846,22.543182,114.013519,22,9,43,0,1
825,23847,22.6933,114.07238,3,3,22,0,1
826,23848,22.602467,113.862633,5,23,62,0,1
827,23849,22.549282,114.067703,6,4,15,0,1
828,23850,22.659332,114.023552,16,8,2,0,1
829,23851,22.629517,113.835152,17,26,59,0,1
830,23852,22.668318,114.027336,7,7,10,0,1
831,23853,22.658199,113.971886,6,13,99,0,1
832,23854,22.531851,114.0746,19,3,17,0,1
833,23855,22.526751,113.919853,9,18,75,0,1
834,23857,22.68325,113.971519,4,13,48,0,1
835,23858,22.569134,113.896004,15,20,24,0,1
836,23859,22.669634,113.812416,6,28,0,0,1
837,23862,22.672951,114.004463,11,10,18,0,1
838,23863,22.715851,114.004936,23,10,84,0,1
839,23864,22.674383,114.005264,14,10,4,0,1
840,23866,22.707832,114.009537,11,9,18,0,1
841,23867,22.611717,114.017052,3,8,22,0,1
842,23868,22.656517,113.868698,16,22,5,0,1
843,23869,22.686768,114.018715,22,8,43,0,1
844,23870,22.631149,113.842667,10,25,8,0,1
845,23872,22.629417,114.082436,12,2,-1,0,1
846,23873,22.589617,114.01033,22,9,43,0,1
847,23874,22.5431,113.813316,1,28,54,0,1
848,23875,22.537783,113.946968,15,15,32,0,1
849,23877,22.604918,113.884384,16,21,5,0,1
850,23878,22.573767,114.033051,19,7,17,0,1
851,23879,22.571617,113.949768,23,15,100,0,1
852,23881,22.52985,114.032166,8,7,51,0,1
853,23883,22.601017,114.081535,21,2,37,0,1
854,23884,22.551649,114.083168,1,2,76,0,1
855,23885,22.60915,114.099953,7,1,-1,0,1
856,23886,22.661667,114.035583,15,7,28,0,1
857,23887,22.5798,113.862198,22,23,27,0,1
858,23888,22.561199,113.865601,14,23,16,0,1
859,23889,22.627701,113.810799,7,28,78,0,1
860,23890,22.5784,113.857597,21,24,14,0,1
861,23891,22.6269,113.809799,1,28,54,0,1
862,23892,22.589399,113.865799,13,23,67,0,1
863,23893,22.561899,113.870102,19,22,29,0,1
864,23894,22.623199,113.806801,2,28,96,0,1
865,23895,22.6019,113.846001,20,25,44,0,1
866,23896,22.568001,113.864998,8,23,36,0,1
867,23897,22.626801,113.8125,9,28,11,0,1
868,23898,22.6367,113.812798,0,28,13,0,1
869,23899,22.577,113.879601,19,21,29,0,1
870,23900,22.6427,113.885803,9,21,11,0,1
871,23901,22.581301,113.854301,6,24,49,0,1
872,23902,22.53735,114.041153,16,6,2,0,1
873,23903,22.5749,113.878899,0,21,13,0,1
874,23904,22.576401,113.875298,2,22,6,0,1
875,23905,22.6537,114.0159,2,9,9,0,1
876,23906,22.712799,113.826698,20,26,44,0,1
877,23907,22.5765,113.859703,21,23,14,0,1
878,23908,22.524418,113.981735,14,12,57,0,1
879,23909,22.538233,113.835297,11,26,34,0,1
880,23911,22.485767,113.934853,13,16,79,0,1
881,23912,22.62455,114.027496,8,7,51,0,1
882,23913,22.556284,114.087753,8,2,51,0,1
883,23914,22.5301,113.923286,0,17,13,0,1
884,23915,22.557484,113.947769,8,15,60,0,1
885,23916,22.550751,114.06797,10,4,8,0,1
886,23917,22.600018,114.036598,14,7,4,0,1
887,23918,22.52235,114.042664,22,6,43,0,1
888,23920,22.615232,114.032616,11,7,18,0,1
889,23921,22.536301,113.948898,10,15,8,0,1
890,23923,22.620251,114.024353,16,8,2,0,1
891,23924,22.623833,114.027466,15,7,28,0,1
892,23925,22.629784,114.023666,19,8,17,0,1
893,23926,22.633417,114.053566,8,5,51,0,1
894,23928,22.720516,114.052635,1,5,20,0,1
895,23929,22.569384,113.844482,19,25,29,0,1
896,23930,22.685583,113.9702,14,13,57,0,1
897,23931,22.59745,113.8937,8,20,36,0,1
898,23932,22.680401,114.064568,16,4,2,0,1
899,23933,22.633017,114.032349,1,7,20,0,1
900,23934,22.638451,114.045486,3,6,22,0,1
901,23936,22.675367,113.818199,2,27,96,0,1
902,23937,22.585117,113.858536,20,23,44,0,1
903,23939,22.586918,113.871399,14,22,16,0,1
904,23940,22.720051,114.038086,14,6,4,0,1
905,23943,22.678617,114.000748,8,10,51,0,1
906,23945,22.648767,113.892853,22,20,27,0,1
907,23946,22.666332,114.016281,15,8,28,0,1
908,23947,22.587643,113.890549,20,20,44,0,1
909,23948,22.5385,114.070702,7,3,45,0,1
910,23949,22.517532,113.86792,5,23,62,0,1
911,23951,22.538099,113.954002,10,14,8,0,1
912,23952,22.556517,113.960587,7,14,21,0,1
913,23953,22.5916,114.0504,11,5,18,0,1
914,23954,22.573795,113.856506,14,24,16,0,1
915,23955,22.650299,113.819054,20,27,44,0,1
916,23956,22.586433,113.971313,6,13,99,0,1
917,23957,22.591749,114.084015,3,2,22,0,1
918,23958,22.523832,113.813667,1,28,54,0,1
919,23959,22.531584,114.05452,4,5,23,0,1
920,23960,22.664446,114.030807,20,7,26,0,1
921,23961,22.537832,114.031197,11,7,18,0,1
922,23962,22.578861,113.877045,20,22,44,0,1
923,23963,22.57865,114.056847,22,5,43,0,1
924,23964,22.555532,114.015846,15,9,28,0,1
925,23966,22.672239,113.975388,20,12,26,0,1
926,23967,22.59145,113.912033,19,18,47,0,1
927,23968,22.562183,113.90403,20,19,44,0,1
928,23969,22.730463,113.823776,20,27,44,0,1
929,23970,22.546783,114.056999,8,5,51,0,1
930,23971,22.531933,114.02417,22,8,43,0,1
931,23973,22.626667,113.809883,11,28,34,0,1
932,23974,22.565483,113.813835,6,28,0,0,1
933,23975,22.55945,114.094803,11,1,18,0,1
934,23976,22.580517,114.047981,22,5,43,0,1
935,23977,22.537416,114.051453,20,5,26,0,1
936,23978,22.675367,113.821457,21,27,14,0,1
937,23980,22.660316,114.024132,10,8,8,0,1
938,23981,22.5742,113.878799,2,22,6,0,1
939,23983,22.64085,113.985886,14,11,57,0,1
940,23984,22.5891,113.815102,2,28,96,0,1
941,23985,22.642099,114.036797,10,7,8,0,1
942,23986,22.648899,114.0252,7,8,10,0,1
943,23987,22.6805,113.9991,15,10,28,0,1
944,23988,22.563999,113.877296,20,22,44,0,1
945,23989,22.5634,113.889297,20,21,44,0,1
946,23990,22.5898,113.883202,12,21,1,0,1
947,23991,22.5665,113.869598,22,22,27,0,1
948,23992,22.5616,113.879898,10,21,8,0,1
949,23993,22.5755,113.858498,0,23,13,0,1
950,23994,22.5765,113.860199,8,23,36,0,1
951,23995,22.571501,113.863197,12,23,1,0,1
952,23996,22.653299,113.815498,11,27,34,0,1
953,23998,22.6001,113.808899,0,28,13,0,1
954,23999,22.596201,113.812302,19,28,29,0,1
955,24000,22.6535,114.007698,16,9,2,0,1
956,24001,22.58,113.882401,12,21,1,0,1
957,24004,22.525749,113.979263,14,12,57,0,1
958,24005,22.57115,113.927414,17,17,41,0,1
959,24006,22.557182,114.01252,2,9,9,0,1
960,24007,22.5485,114.084198,16,2,87,0,1
961,24008,22.535282,114.055984,11,5,18,0,1
962,24009,22.590218,113.983665,8,12,51,0,1
963,24010,22.598482,114.067734,12,4,53,0,1
964,24012,22.654499,113.914085,19,18,47,0,1
965,24014,22.653151,113.816467,5,27,62,0,1
966,24015,22.588133,113.909569,2,19,95,0,1
967,24016,22.5124,114.044998,14,6,4,0,1
968,24017,22.503767,113.917252,21,18,14,0,1
969,24018,22.5205,113.922897,5,17,62,0,1
970,24019,22.580317,113.817482,12,27,39,0,1
971,24020,22.626534,114.055649,12,5,53,0,1
972,24021,22.552584,113.926537,12,17,1,0,1
973,24022,22.597233,113.940903,2,16,64,0,1
974,24023,22.617599,114.036919,5,7,25,0,1
975,24024,22.536818,113.971382,3,13,88,0,1
976,24025,22.543617,113.991585,15,11,28,0,1
977,24026,22.522083,114.054497,16,5,2,0,1
978,24027,22.61655,114.038734,4,6,23,0,1
979,24028,22.526033,113.81337,21,28,14,0,1
980,24029,22.525867,113.857651,19,24,29,0,1
981,24030,22.500067,113.822914,13,27,67,0,1
982,24031,22.5406,113.949684,21,15,14,0,1
983,24032,22.583549,113.98027,19,12,101,0,1
984,24033,22.520582,113.919746,17,18,41,0,1
985,24035,22.585133,113.914185,16,18,77,0,1
986,24037,22.766899,113.8451,9,25,11,0,1
987,24038,22.5889,113.949097,14,15,57,0,1
988,24039,22.719566,113.9412,19,16,47,0,1
989,24040,22.537518,114.073799,3,3,22,0,1
990,24041,22.546034,113.983818,5,12,25,0,1
991,24042,22.555099,113.9067,10,19,8,0,1
992,24043,22.610849,113.813133,14,28,16,0,1
993,24044,22.572567,114.078499,2,3,9,0,1
994,24045,22.576401,113.910202,9,19,75,0,1
995,24046,22.549133,113.978882,5,12,25,0,1
996,24047,22.560383,113.872803,3,22,38,0,1
997,24048,22.544333,113.907753,22,19,27,0,1
998,24049,22.6071,114.0177,5,8,25,0,1
999,24050,22.5446,113.940697,9,16,75,0,1
1000,24051,22.569201,114.060097,4,4,23,0,1
1001,24052,22.593166,114.047836,4,6,23,0,1
1002,24053,22.523933,114.019302,5,8,25,0,1
1003,24054,22.546284,113.930969,8,17,36,0,1
1004,24055,22.5254,114.063301,9,4,31,0,1
1005,24056,22.568167,113.856148,8,24,36,0,1
1006,24057,22.526199,114.059502,8,4,51,0,1
1007,24058,22.550501,113.978897,13,12,79,0,1
1008,24059,22.590599,113.811302,7,28,78,0,1
1009,24060,22.539101,113.93515,22,16,27,0,1
1010,24061,22.575117,114.067253,17,4,46,0,1
1011,24062,22.5247,113.913483,7,18,50,0,1
1012,24063,22.571301,114.029701,11,7,18,0,1
1013,24064,22.5795,113.909103,14,19,57,0,1
1014,24065,22.56925,114.067467,17,4,46,0,1
1015,24066,22.66445,113.823151,22,27,27,0,1
1016,24067,22.580532,113.811081,3,28,97,0,1
1017,24068,22.677168,113.792252,1,30,-1,0,1
1018,24069,22.5959,113.895897,16,20,5,0,1
1019,24070,22.567301,113.918701,1,18,72,0,1
1020,24071,22.548599,114.076103,14,3,4,0,1
1021,24072,22.595284,113.869751,4,22,-1,0,1
1022,24073,22.547617,114.067131,15,4,28,0,1
1023,24074,22.602432,113.86235,13,23,67,0,1
1024,24075,22.538218,114.024765,19,8,17,0,1
1025,24076,22.576401,113.957603,22,14,27,0,1
1026,24077,22.567383,113.883316,2,21,6,0,1
1027,24078,22.5411,114.050003,15,5,28,0,1
1028,24079,22.5194,113.963501,13,13,79,0,1
1029,24080,22.5453,114.011398,21,9,37,0,1
1030,24081,22.588633,113.879318,2,21,6,0,1
1031,24082,22.664284,113.882584,5,21,62,0,1
1032,24085,22.63405,113.788284,4,30,102,0,1
1033,24086,22.5777,113.811401,14,28,16,0,1
1034,24087,22.676983,113.891068,10,20,8,0,1
1035,24088,22.5861,114.068382,22,4,43,0,1
1036,24089,22.582968,113.876617,22,22,27,0,1
1037,24090,22.6861,113.966667,17,13,41,0,1
1038,24091,22.575367,113.862251,10,23,8,0,1
1039,24092,22.605682,113.889885,1,20,7,0,1
1040,24094,22.627234,113.811852,11,28,34,0,1
1041,24095,22.608101,114.057198,22,5,43,0,1
1042,24096,22.619766,113.836235,16,26,5,0,1
1043,24098,22.6159,113.864197,21,23,14,0,1
1044,24099,22.693233,114.044281,2,6,9,0,1
1045,24102,22.513201,114.041214,22,6,43,0,1
1046,24103,22.603832,113.975349,19,12,101,0,1
1047,24105,22.676701,114.044586,6,6,15,0,1
1048,24106,22.513433,113.931053,9,17,75,0,1
1049,24107,22.530317,113.992386,5,11,25,0,1
1050,24108,22.562733,114.054184,14,5,4,0,1
1051,24109,22.540001,114.04335,5,6,25,0,1
1052,24110,22.531033,113.909897,20,19,44,0,1
1053,24111,22.618784,113.835083,2,26,61,0,1
1054,24112,22.600401,114.043564,19,6,17,0,1
1055,24113,22.582367,113.823364,13,27,67,0,1
1056,24114,22.6127,113.827782,3,26,71,0,1
1057,24115,22.583467,113.86898,3,22,38,0,1
1058,24116,22.591516,113.876984,16,22,5,0,1
1059,24117,22.599751,113.812584,1,28,54,0,1
1060,24118,22.575649,113.832565,22,26,27,0,1
1061,24119,22.608816,113.811035,11,28,34,0,1
1062,24120,22.609833,113.846519,15,25,24,0,1
1063,24121,22.605316,113.858749,1,23,7,0,1
1064,24122,22.783751,113.827637,22,26,27,0,1
1065,24123,22.611532,113.851448,10,24,8,0,1
1066,24124,22.575632,113.881851,23,21,103,0,1
1067,24125,22.626066,113.858185,15,23,24,0,1
1068,24126,22.6478,114.016632,2,8,9,0,1
1069,24127,22.564449,113.890335,22,20,27,0,1
1070,24128,22.700899,113.960899,22,14,27,0,1
1071,24133,22.566401,114.040298,8,6,51,0,1
1072,24134,22.6285,113.927597,16,17,77,0,1
1073,24135,22.546316,114.082565,11,2,18,0,1
1074,24136,22.530634,113.962448,19,14,-1,0,1
1075,24138,22.564667,113.883133,4,21,89,0,1
1076,24139,22.653982,113.96212,15,14,32,0,1
1077,24141,22.540133,114.09272,15,1,28,0,1
1078,24142,22.556017,113.953079,21,14,14,0,1
1079,24143,22.559317,114.100784,20,1,85,0,1
1080,24144,22.5718,114.044083,23,6,-1,0,1
1081,24145,22.5525,113.950066,16,15,104,0,1
1082,24146,22.527149,114.039131,18,6,42,0,1
1083,24147,22.48455,113.931831,1,16,72,0,1
1084,24148,22.589417,113.855064,9,24,11,0,1
1085,24149,22.636084,114.04287,16,6,2,0,1
1086,24150,22.526333,113.915169,22,18,27,0,1
1087,24152,22.535,113.959198,8,14,60,0,1
1088,24153,22.558533,114.031181,10,7,8,0,1
1089,24154,22.584249,113.881485,12,21,1,0,1
1090,24155,22.672167,114.013016,15,9,28,0,1
1091,24156,22.661766,114.031319,17,7,46,0,1
1092,24157,22.647432,113.859764,23,23,-1,0,1
1093,24158,22.536097,113.914284,12,18,1,0,1
1094,24159,22.569883,114.022568,5,8,25,0,1
1095,24160,22.530251,114.052383,2,5,9,0,1
1096,24161,22.621983,114.044083,17,6,46,0,1
1097,24163,22.525433,114.03183,16,7,2,0,1
1098,24164,22.5742,114.043434,21,6,37,0,1
1099,24165,22.504499,113.914932,13,18,79,0,1
1100,24166,22.5434,114.0429,14,6,4,0,1
1101,24167,22.526196,113.923187,10,17,8,0,1
1102,24168,22.7316,114.021103,0,8,3,0,1
1103,24169,22.693283,113.991364,20,11,26,0,1
1104,24170,22.558582,113.990036,12,11,105,0,1
1105,24173,22.770599,113.846153,16,25,5,0,1
1106,24174,22.67345,113.892052,12,20,1,0,1
1107,24175,22.603018,113.950768,8,15,60,0,1
1108,24176,22.551184,114.072784,17,3,46,0,1
1109,24177,22.592667,114.020668,16,8,2,0,1
1110,24178,22.727917,113.835953,10,26,8,0,1
1111,24179,22.529181,113.931854,21,16,14,0,1
1112,24180,22.6527,113.864899,6,23,49,0,1
1113,24181,22.715521,114.043755,15,6,28,0,1
1114,24182,22.811701,113.801903,21,29,14,0,1
1115,24183,22.582199,113.873398,5,22,62,0,1
1116,24184,22.703449,113.813316,19,28,29,0,1
1117,24185,22.691999,113.787804,7,30,-1,0,1
1118,24186,22.7407,114.035797,4,7,23,0,1
1119,24187,22.605417,114.055733,0,5,3,0,1
1120,24188,22.559727,113.946548,16,15,104,0,1
1121,24189,22.583099,113.906898,4,19,89,0,1
1122,24190,22.69735,113.817451,8,27,83,0,1
1123,24191,22.67705,114.009552,17,9,46,0,1
1124,24192,22.565651,113.861534,18,23,-1,0,1
1125,24193,22.6964,113.991898,0,11,106,0,1
1126,24194,22.6278,113.811996,0,28,13,0,1
1127,24196,22.735867,113.795967,14,29,16,0,1
1128,24197,22.673218,113.859703,13,23,67,0,1
1129,24198,22.643417,113.809814,14,28,16,0,1
1130,24199,22.729933,113.82415,19,27,29,0,1
1131,24200,22.611782,114.02858,22,7,43,0,1
1132,24201,22.688032,113.805702,0,28,13,0,1
1133,24202,22.585068,113.893036,9,20,11,0,1
1134,24204,22.565001,114.044296,9,6,31,0,1
1135,24205,22.547121,113.926872,17,17,41,0,1
1136,24206,22.535868,114.064568,4,4,23,0,1
1137,24207,22.569277,113.960144,20,14,26,0,1
1138,24208,22.533016,114.076897,19,3,17,0,1
1139,24209,22.513145,113.923607,21,17,14,0,1
1140,24210,22.540234,114.005966,4,9,12,0,1
1141,24211,22.740793,114.020927,15,8,28,0,1
1142,24215,22.585484,113.884132,19,21,29,0,1
1143,24216,22.583332,113.844551,19,25,29,0,1
1144,24217,22.56575,113.882668,8,21,36,0,1
1145,24218,22.535402,113.91011,17,19,41,0,1
1146,24219,22.6714,113.995003,5,11,25,0,1
1147,24220,22.570351,113.987564,22,11,43,0,1
1148,24221,22.607733,114.036034,17,7,46,0,1
1149,24222,22.674618,113.987053,10,11,8,0,1
1150,24224,22.61105,114.035248,14,7,4,0,1
1151,24225,22.534834,114.002884,15,10,28,0,1
1152,24226,22.72455,113.823715,23,27,91,0,1
1153,24227,22.572433,113.813431,22,28,27,0,1
1154,24228,22.664417,113.99543,22,10,43,0,1
1155,24229,22.671333,113.986801,20,11,26,0,1
1156,24230,22.578768,113.856964,15,24,24,0,1
1157,24231,22.6912,114.033798,22,7,43,0,1
1158,24232,22.569099,113.864304,0,23,13,0,1
1159,24233,22.539066,113.97187,0,13,65,0,1
1160,24234,22.601933,113.827034,22,26,27,0,1
1161,24236,22.580933,113.865219,11,23,55,0,1
1162,24237,22.71557,114.014702,17,9,46,0,1
1163,24238,22.573217,113.832199,21,26,14,0,1
1164,24239,22.603666,113.853165,14,24,16,0,1
1165,24240,22.555166,113.953018,11,14,55,0,1
1166,24241,22.529333,113.926903,11,17,55,0,1
1167,24242,22.604652,114.040726,14,6,4,0,1
1168,24243,22.61035,113.823364,15,27,69,0,1
1169,24244,22.53475,114.078514,15,3,28,0,1
1170,24245,22.657084,114.100166,23,1,107,0,1
1171,24246,22.590183,113.864601,0,23,13,0,1
1172,24247,22.514969,113.908615,9,19,75,0,1
1173,24248,22.730541,113.81826,16,27,86,0,1
1174,24249,22.537645,114.047913,21,6,37,0,1
1175,24250,22.7619,114.061401,9,4,31,0,1
1176,24251,22.582001,113.8759,3,22,38,0,1
1177,24252,22.627466,113.809982,19,28,29,0,1
1178,24253,22.584284,113.786133,4,30,102,0,1
1179,24254,22.705627,114.022812,20,8,26,0,1
1180,24255,22.663282,113.871132,16,22,5,0,1
1181,24256,22.655117,114.016815,10,8,8,0,1
1182,24257,22.617132,113.829285,20,26,44,0,1
1183,24258,22.566883,113.874969,20,22,44,0,1
1184,24262,22.6831,113.834099,0,26,13,0,1
1185,24263,22.670401,113.896103,9,20,11,0,1
1186,24264,22.751783,113.876266,15,22,24,0,1
1187,24265,22.6633,113.894302,15,20,24,0,1
1188,24266,22.52845,114.044853,5,6,25,0,1
1189,24268,22.586132,113.873947,7,22,56,0,1
1190,24269,22.724737,114.034805,19,7,17,0,1
1191,24270,22.524384,113.913269,5,18,62,0,1
1192,24271,22.668867,114.01519,14,9,4,0,1
1193,24273,22.749483,113.813316,11,28,34,0,1
1194,24275,22.736017,113.79995,20,29,44,0,1
1195,24276,22.5933,113.870148,16,22,5,0,1
1196,24277,22.731649,113.868698,3,22,38,0,1
1197,24278,22.619284,113.813118,22,28,27,0,1
1198,24279,22.593533,113.822449,2,27,96,0,1
1199,24280,22.526882,113.947998,13,15,79,0,1
1200,24283,22.528049,114.044853,11,6,18,0,1
1201,24284,22.608017,114.042084,21,6,37,0,1
1202,24285,22.567331,113.853477,22,24,27,0,1
1203,24286,22.686733,113.89743,19,20,29,0,1
1204,24287,22.735542,113.808495,11,28,34,0,1
1205,24288,22.55187,114.081795,11,2,18,0,1
1206,24289,22.531176,114.040031,14,6,4,0,1
1207,24290,22.558184,113.928413,10,17,8,0,1
1208,24291,22.6651,114.013802,2,9,9,0,1
1209,24292,22.541349,114.021736,5,8,25,0,1
1210,24293,22.608999,114.064102,8,4,51,0,1
1211,24294,22.652201,113.981697,13,12,79,0,1
1212,24295,22.554501,113.894302,8,20,36,0,1
1213,24296,22.5431,114.025902,10,8,8,0,1
1214,24297,22.528933,114.026115,22,8,43,0,1
1215,24298,22.551733,113.813484,16,28,86,0,1
1216,24299,22.683067,113.902229,0,19,13,0,1
1217,24300,22.535351,114.062065,2,4,9,0,1
1218,24301,22.5721,113.813118,9,28,11,0,1
1219,24302,22.579201,114.060852,0,4,3,0,1
1220,24303,22.5725,113.952248,5,15,25,0,1
1221,24304,22.744211,114.015244,4,9,12,0,1
1222,24305,22.551718,113.929115,14,17,57,0,1
1223,24306,22.530373,113.959755,14,14,57,0,1
1224,24307,22.525967,113.909798,11,19,55,0,1
1225,24308,22.6737,113.8899,10,20,8,0,1
1226,24309,22.622601,114.042503,13,6,19,0,1
1227,24310,22.53125,113.947121,6,15,-1,0,1
1228,24312,22.6273,114.03363,5,7,25,0,1
1229,24315,22.589767,113.869667,5,22,62,0,1
1230,24316,22.730516,113.8237,10,27,8,0,1
1231,24317,22.679132,113.808075,19,28,29,0,1
1232,24318,22.566151,114.062401,5,4,25,0,1
1233,24319,22.637699,114.044197,7,6,10,0,1
1234,24320,22.608999,114.009003,1,9,20,0,1
1235,24321,22.682301,113.973,21,13,14,0,1
1236,24323,22.630533,113.935951,2,16,64,0,1
1237,24324,22.58375,113.949417,11,15,55,0,1
1238,24325,22.5786,114.099701,12,1,108,0,1
1239,24326,22.698133,114.064247,20,4,26,0,1
1240,24327,22.592051,114.051819,14,5,4,0,1
1241,24328,22.542999,114.062447,23,4,80,0,1
1242,24329,22.550934,114.048386,20,5,26,0,1
1243,24330,22.6619,114.002899,21,10,37,0,1
1244,24331,22.536501,114.024216,5,8,25,0,1
1245,24332,22.5417,113.892097,10,20,8,0,1
1246,24333,22.699484,113.985115,0,11,106,0,1
1247,24335,22.72945,113.809937,8,28,83,0,1
1248,24336,22.536934,113.923302,21,17,14,0,1
1249,24337,22.569099,113.870651,15,22,24,0,1
1250,24338,22.5429,113.959702,0,14,65,0,1
1251,24339,22.544033,113.963486,22,13,27,0,1
1252,24340,22.618601,114.039497,11,6,18,0,1
1253,24341,22.748199,114.015701,16,9,2,0,1
1254,24342,22.5797,114.077698,20,3,26,0,1
1255,24343,22.555866,114.043999,5,6,25,0,1
1256,24344,22.552816,113.887184,12,21,1,0,1
1257,24345,22.567432,113.893318,20,20,44,0,1
1258,24347,22.800617,113.742149,10,34,-1,0,1
1259,24349,22.520983,113.91758,5,18,62,0,1
1260,24350,22.716101,114.032501,19,7,17,0,1
1261,24351,22.6612,114.051804,0,5,3,0,1
1262,24352,22.560534,114.016716,3,8,22,0,1
1263,24353,22.551184,114.050781,21,5,37,0,1
1264,24354,22.637899,114.021004,7,8,10,0,1
1265,24355,22.560484,114.011414,5,9,25,0,1
1266,24356,22.619801,113.808899,8,28,83,0,1
1267,24357,22.819599,113.714401,17,37,-1,0,1
1268,24358,22.567083,113.910316,12,19,1,0,1
1269,24359,22.5473,114.037598,10,6,8,0,1
1270,24360,22.531418,113.925583,20,17,44,0,1
1271,24361,22.73189,113.829109,19,26,29,0,1
1272,24362,22.549282,114.084084,14,2,4,0,1
1273,24363,22.569283,114.044334,12,6,53,0,1
1274,24364,22.624399,113.926064,12,17,1,0,1
1275,24365,22.629084,113.981201,22,12,43,0,1
1276,24366,22.639032,113.9692,8,13,60,0,1
1277,24367,22.530518,114.028481,15,7,28,0,1
1278,24368,22.551233,113.934219,3,16,58,0,1
1279,24369,22.6269,113.809898,3,28,97,0,1
1280,24370,22.538616,114.068184,22,4,43,0,1
1281,24371,22.601749,114.044502,14,6,4,0,1
1282,24372,22.518433,114.033752,21,7,37,0,1
1283,24373,22.613234,114.028717,23,7,84,0,1
1284,24375,22.58305,114.049614,13,5,19,0,1
1285,24376,22.542183,113.914131,1,18,72,0,1
1286,24377,22.634567,114.007866,23,9,84,0,1
1287,24378,22.568333,113.940918,23,16,100,0,1
1288,24380,22.531685,114.063644,10,4,8,0,1
1289,24381,22.549767,114.04245,16,6,2,0,1
1290,24382,22.636583,113.999031,20,10,26,0,1
1291,24384,22.575382,114.039452,16,6,2,0,1
1292,24385,22.565767,113.977165,21,12,14,0,1
1293,24386,22.531073,113.920532,10,18,8,0,1
1294,24387,22.538231,114.06839,9,4,31,0,1
1295,24388,22.603909,113.833611,14,26,16,0,1
1296,24391,22.671,113.9869,1,11,-1,0,1
1297,24392,22.594267,114.025085,3,8,22,0,1
1298,24393,22.658667,114.023483,11,8,18,0,1
1299,24394,22.668882,113.823013,13,27,67,0,1
1300,24395,22.585051,113.89312,17,20,41,0,1
1301,24396,22.645,114.014297,8,9,51,0,1
1302,24397,22.665701,114.012703,10,9,8,0,1
1303,24398,22.57,113.872498,1,22,7,0,1
1304,24399,22.521378,113.813042,16,28,86,0,1
1305,24400,22.604567,114.032364,4,7,23,0,1
1306,24401,22.583366,113.888664,17,21,41,0,1
1307,24402,22.601683,113.824348,10,27,8,0,1
1308,24403,22.645967,114.039597,19,6,17,0,1
1309,24405,22.617418,114.025887,14,8,4,0,1
1310,24406,22.735521,114.008209,10,9,8,0,1
1311,24409,22.575068,113.879066,9,21,11,0,1
1312,24410,22.536007,114.067535,22,4,43,0,1
1313,24411,22.61405,114.038498,14,6,4,0,1
1314,24412,22.569,113.80838,8,28,83,0,1
1315,24413,22.649633,113.81192,8,28,83,0,1
1316,24414,22.583366,113.906815,1,19,72,0,1
1317,24415,22.660315,114.014259,16,9,2,0,1
1318,24416,22.621773,114.032059,22,7,43,0,1
1319,24417,22.517124,114.060524,21,4,37,0,1
1320,24418,22.628901,114.055496,9,5,31,0,1
1321,24420,22.567303,113.962494,15,14,32,0,1
1322,24422,22.565983,113.96225,12,14,92,0,1
1323,24423,22.525299,114.027199,5,7,25,0,1
1324,24424,22.512449,113.920753,5,18,62,0,1
1325,24425,22.609083,114.023201,22,8,43,0,1
1326,24426,22.518801,113.920799,7,18,50,0,1
1327,24428,22.549004,113.909492,22,19,27,0,1
1328,24429,22.611235,114.068001,17,4,46,0,1
1329,24430,22.542677,113.962578,21,14,14,0,1
1330,24431,22.583117,113.907021,1,19,72,0,1
1331,24433,22.571301,113.875198,3,22,38,0,1
1332,24434,22.570353,113.960831,14,14,57,0,1
1333,24435,22.58667,113.875175,22,22,27,0,1
1334,24436,22.601999,113.846298,1,25,7,0,1
1335,24437,22.621767,114.03688,20,7,26,0,1
1336,24438,22.590099,113.950699,9,15,75,0,1
1337,24439,22.610884,114.016747,22,8,43,0,1
1338,24440,22.586729,114.024109,14,8,4,0,1
1339,24441,22.713568,114.070618,9,3,31,0,1
1340,24442,22.639351,113.859535,9,23,11,0,1
1341,24443,22.580433,113.863319,14,23,16,0,1
1342,24444,22.610403,113.894234,21,20,14,0,1
1343,24445,22.555691,114.067841,20,4,26,0,1
1344,24446,22.625601,113.857903,0,23,13,0,1
1345,24447,22.603399,114.055901,9,5,31,0,1
1346,24448,22.638468,113.993515,18,11,66,0,1
1347,24449,22.708616,113.8284,11,26,34,0,1
1348,24450,22.785032,113.796066,0,29,13,0,1
1349,24453,22.690468,113.816086,21,27,14,0,1
1350,24455,22.547016,113.953781,20,14,26,0,1
1351,24456,22.624416,114.055817,14,5,4,0,1
1352,24457,22.622017,113.848732,0,24,13,0,1
1353,24458,22.583767,113.888046,10,21,8,0,1
1354,24459,22.5923,113.886353,9,21,11,0,1
1355,24460,22.5797,113.844002,3,25,71,0,1
1356,24461,22.76965,113.844101,20,25,44,0,1
1357,24463,22.708082,113.813049,5,28,62,0,1
1358,24464,22.628853,114.012177,20,9,26,0,1
1359,24465,22.584417,113.959076,20,14,26,0,1
1360,24466,22.581919,114.032646,10,7,8,0,1
1361,24467,22.542999,114.039101,5,6,25,0,1
1362,24468,22.655867,113.99247,21,11,37,0,1
1363,24469,22.711166,113.892014,18,20,-1,0,1
1364,24470,22.62075,113.849297,17,24,33,0,1
1365,24471,22.616278,113.919128,10,18,8,0,1
1366,24472,22.542028,113.929436,14,17,57,0,1
1367,24473,22.583134,113.907471,1,19,72,0,1
1368,24474,22.669582,113.890083,19,20,29,0,1
1369,24475,22.638981,114.099228,16,1,87,0,1
1370,24476,22.577499,113.866898,0,23,13,0,1
1371,24479,22.56465,113.8349,16,26,5,0,1
1372,24480,22.622578,113.975746,10,12,8,0,1
1373,24481,22.529583,114.021164,10,8,8,0,1
1374,24482,22.5669,113.925934,11,17,55,0,1
1375,24483,22.587833,113.872437,8,22,36,0,1
1376,24484,22.639868,113.826668,10,26,8,0,1
1377,24485,22.542501,113.915306,21,18,14,0,1
1378,24486,22.529154,113.919022,20,18,44,0,1
1379,24487,22.657801,114.016502,16,8,2,0,1
1380,24489,22.532183,114.038414,6,6,15,0,1
1381,24490,22.612949,114.028915,17,7,46,0,1
1382,24492,22.547684,114.044403,5,6,25,0,1
1383,24493,22.718168,114.050102,14,5,4,0,1
1384,24496,22.5865,113.880531,22,21,27,0,1
1385,24497,22.703951,114.078232,18,3,-1,0,1
1386,24498,22.537722,113.86161,9,23,11,0,1
1387,24499,22.677168,113.81942,16,27,86,0,1
1388,24501,22.5812,113.835297,10,26,8,0,1
1389,24502,22.570328,113.883003,16,21,5,0,1
1390,24503,22.6719,113.806999,19,28,29,0,1
1391,24504,22.6796,113.796768,21,29,14,0,1
1392,24507,22.562243,114.057678,10,5,8,0,1
1393,24508,22.561817,113.978966,10,12,8,0,1
1394,24511,22.69895,114.088837,15,2,28,0,1
1395,24512,22.585899,113.8937,5,20,62,0,1
1396,24513,22.686434,113.940933,17,16,41,0,1
1397,24514,22.639717,113.873283,23,22,103,0,1
1398,24515,22.50404,113.914993,21,18,14,0,1
1399,24516,22.562201,113.823502,20,27,44,0,1
1400,24517,22.671801,113.8983,8,20,36,0,1
1401,24518,22.4823,114.033997,9,7,31,0,1
1402,24519,22.649834,113.818016,10,27,8,0,1
1403,24520,22.7337,114.014,22,9,43,0,1
1404,24521,22.571882,113.889702,16,20,5,0,1
1405,24522,22.5483,114.021217,22,8,43,0,1
1406,24523,22.536818,114.081863,15,2,28,0,1
1407,24524,22.63125,113.81308,16,28,86,0,1
1408,24525,22.543594,113.920517,12,18,1,0,1
1409,24526,22.633801,114.0868,10,2,8,0,1
1410,24527,22.560101,114.041649,20,6,26,0,1
1411,24528,22.617517,114.03373,4,7,23,0,1
1412,24529,22.65,114.010284,14,9,4,0,1
1413,24530,22.61375,113.882484,9,21,11,0,1
1414,24531,22.665068,114.01297,18,9,94,0,1
1415,24532,22.642853,113.998924,11,10,18,0,1
1416,24533,22.654284,114.012726,21,9,37,0,1
1417,24534,22.538301,113.912544,10,18,8,0,1
1418,24535,22.690901,113.812302,3,28,97,0,1
1419,24536,22.735399,114.0075,1,9,20,0,1
1420,24538,22.581984,113.85112,1,24,7,0,1
1421,24539,22.604605,113.97625,14,12,57,0,1
1422,24540,22.552191,113.87574,15,22,24,0,1
1423,24541,22.590124,114.00946,20,9,26,0,1
1424,24542,22.593451,114.03788,13,6,19,0,1
1425,24543,22.642351,114.039284,10,6,8,0,1
1426,24544,22.561783,113.887199,6,21,49,0,1
1427,24545,22.612249,114.007469,14,9,4,0,1
1428,24546,22.650316,114.074814,6,3,15,0,1
1429,24547,22.67115,114.024185,0,8,3,0,1
1430,24548,22.700033,114.026268,19,8,17,0,1
1431,24549,22.615917,113.934502,10,16,8,0,1
1432,24550,22.5296,113.813316,16,28,86,0,1
1433,24551,22.544582,113.940536,21,16,14,0,1
1434,24552,22.55558,113.902519,22,19,27,0,1
1435,24553,22.530922,114.027718,10,7,8,0,1
1436,24554,22.673401,114.045799,9,6,31,0,1
1437,24556,22.612867,114.027336,21,7,37,0,1
1438,24558,22.563601,113.884804,0,21,13,0,1
1439,24559,22.543118,113.915466,5,18,62,0,1
1440,24560,22.542032,113.944931,22,15,27,0,1
1441,24561,22.646618,113.947685,11,15,55,0,1
1442,24562,22.6357,114.010399,1,9,20,0,1
1443,24563,22.6618,114.032997,19,7,17,0,1
1444,24565,22.697451,114.033501,15,7,28,0,1
1445,24566,22.567833,113.813232,15,28,69,0,1
1446,24567,22.5756,113.9888,22,11,43,0,1
1447,24568,22.553698,114.055412,14,5,4,0,1
1448,24569,22.591358,113.817711,20,27,44,0,1
1449,24570,22.624075,114.05571,1,5,20,0,1
1450,24571,22.633183,114.04335,22,6,43,0,1
1451,24572,22.576267,113.813599,1,28,54,0,1
1452,24573,22.673233,113.922081,17,17,41,0,1
1453,24574,22.651417,114.061501,1,4,20,0,1
1454,24575,22.542217,113.964691,10,13,8,0,1
1455,24576,22.544062,113.927032,10,17,8,0,1
1456,24577,22.571396,113.951897,17,15,41,0,1
1457,24579,22.608116,113.840134,21,25,14,0,1
1458,24580,22.558132,113.915825,16,18,77,0,1
1459,24581,22.543148,113.916435,15,18,24,0,1
1460,24582,22.572828,113.925323,15,17,24,0,1
1461,24583,22.553968,113.949646,20,15,26,0,1
1462,24584,22.556658,114.023682,22,8,43,0,1
1463,24586,22.652134,114.021515,16,8,2,0,1
1464,24587,22.537931,114.059319,14,4,4,0,1
1465,24588,22.525925,113.945648,13,15,79,0,1
1466,24589,22.655027,114.063095,11,4,18,0,1
1467,24592,22.767717,113.838264,19,25,29,0,1
1468,24593,22.582869,113.813835,9,28,11,0,1
1469,24594,22.715599,114.041298,7,6,10,0,1
1470,24595,22.580799,114.027786,11,7,18,0,1
1471,24596,22.623333,114.024399,19,8,17,0,1
1472,24597,22.571667,113.848686,19,24,29,0,1
1473,24598,22.6789,114.061668,17,4,46,0,1
1474,24600,22.650137,113.818001,22,27,27,0,1
1475,24601,22.564333,113.879097,21,21,14,0,1
1476,24602,22.578882,113.875031,15,22,24,0,1
1477,24603,22.489525,113.832634,21,26,14,0,1
1478,24604,22.530409,114.012085,10,9,8,0,1
1479,24605,22.577682,114.063614,14,4,4,0,1
1480,24606,22.548483,114.062569,16,4,2,0,1
1481,24607,22.534901,114.008003,10,9,8,0,1
1482,24608,22.618784,113.833534,11,26,34,0,1
1483,24609,22.634533,113.919601,15,18,24,0,1
1484,24610,22.698883,114.049736,2,5,9,0,1
1485,24611,22.560291,113.95108,15,15,32,0,1
1486,24612,22.535465,114.044853,21,6,37,0,1
1487,24613,22.564951,114.048531,19,5,17,0,1
1488,24614,22.616928,113.817451,15,27,69,0,1
1489,24615,22.556316,114.03363,1,7,20,0,1
1490,24616,22.5361,113.981949,19,12,101,0,1
1491,24617,22.575117,113.871017,13,22,67,0,1
1492,24618,22.58675,113.865547,20,23,44,0,1
1493,24619,22.517437,114.035545,15,7,28,0,1
1494,24620,22.558758,114.026428,1,8,20,0,1
1495,24621,22.570601,113.897385,22,20,27,0,1
1496,24622,22.5688,114.0121,19,9,17,0,1
1497,24625,22.723499,113.806648,13,28,67,0,1
1498,24626,22.584333,113.859596,11,23,55,0,1
1499,24627,22.574499,113.875999,21,22,14,0,1
1500,24628,22.572948,113.92218,20,17,44,0,1
1501,24629,22.652767,113.781349,19,31,-1,0,1
1502,24630,22.602461,113.830627,9,26,11,0,1
1503,24631,22.521393,114.06794,9,4,31,0,1
1504,24632,22.556433,114.045769,6,6,15,0,1
1505,24633,22.537483,113.927147,2,17,64,0,1
1506,24634,22.520317,114.061996,22,4,43,0,1
1507,24635,22.662968,114.017151,20,8,26,0,1
1508,24636,22.650383,114.023148,11,8,18,0,1
1509,24638,22.622133,114.094948,23,1,107,0,1
1510,24641,22.6278,114.039749,8,6,51,0,1
1511,24642,22.646618,113.829063,10,26,8,0,1
1512,24644,22.522114,114.067932,19,4,17,0,1
1513,24645,22.588245,113.914665,9,18,75,0,1
1514,24646,22.549965,113.971237,10,13,8,0,1
1515,24648,22.56885,113.897133,19,20,29,0,1
1516,24649,22.571989,113.913429,15,18,24,0,1
1517,24650,22.61009,114.045853,22,6,43,0,1
1518,24651,22.666367,113.8638,15,23,24,0,1
1519,24653,22.564699,113.880035,22,21,27,0,1
1520,24654,22.686367,113.795616,14,29,16,0,1
1521,24655,22.568483,113.949722,16,15,104,0,1
1522,24656,22.574987,113.932365,14,16,57,0,1
1523,24657,22.537523,113.813553,21,28,14,0,1
1524,24658,22.624453,114.063332,9,4,31,0,1
1525,24659,22.636101,114.062698,9,4,31,0,1
1526,24660,22.57835,113.890648,23,20,103,0,1
1527,24663,22.7174,114.003098,1,10,20,0,1
1528,24664,22.569866,114.011101,8,9,51,0,1
1529,24665,22.659,114.037697,0,6,3,0,1
1530,24669,22.607782,113.894836,19,20,29,0,1
1531,24670,22.5833,113.906799,1,19,72,0,1
1532,24671,22.538139,113.922096,8,17,36,0,1
1533,24672,22.652258,113.929398,15,17,24,0,1
1534,24673,22.555401,113.813614,4,28,74,0,1
1535,24674,22.614067,113.813004,23,28,91,0,1
1536,24675,22.749901,113.797096,21,29,14,0,1
1537,24676,22.667349,113.920303,21,18,14,0,1
1538,24677,22.571802,113.933693,21,16,14,0,1
1539,24678,22.558001,113.905083,0,19,13,0,1
1540,24679,22.589634,113.892799,20,20,44,0,1
1541,24682,22.642082,114.013168,12,9,53,0,1
1542,24683,22.548195,113.900436,21,19,14,0,1
1543,24684,22.529774,114.009048,21,9,37,0,1
1544,24685,22.521282,113.923317,8,17,36,0,1
1545,24686,22.578699,113.831902,0,26,13,0,1
1546,24687,22.6091,113.856667,10,24,8,0,1
1547,24688,22.648701,113.802521,15,29,69,0,1
1548,24689,22.730217,113.823219,10,27,8,0,1
1549,24690,22.548054,113.982857,20,12,26,0,1
1550,24693,22.515516,113.927658,21,17,14,0,1
1551,24694,22.547052,113.91877,15,18,24,0,1
1552,24695,22.609768,114.038986,22,6,43,0,1
1553,24696,22.531733,113.813301,12,28,39,0,1
1554,24697,22.593367,114.099365,6,1,93,0,1
1555,24698,22.6,113.813347,11,28,34,0,1
1556,24699,22.5735,113.9496,0,15,65,0,1
1557,24700,22.541668,114.059082,14,4,4,0,1
1558,24702,22.629717,114.074783,19,3,17,0,1
1559,24703,22.614567,114.012497,22,9,43,0,1
1560,24704,22.67185,114.025169,16,8,2,0,1
1561,24706,22.671118,113.83387,18,26,-1,0,1
1562,24707,22.67296,113.816986,21,27,14,0,1
1563,24708,22.637318,113.863968,22,23,27,0,1
1564,24709,22.542439,114.039513,14,6,4,0,1
1565,24710,22.524309,113.918877,9,18,75,0,1
1566,24711,22.526987,113.919792,16,18,77,0,1
1567,24713,22.683567,114.000984,22,10,43,0,1
1568,24714,22.647943,114.034134,11,7,18,0,1
1569,24715,22.651688,114.013733,20,9,26,0,1
1570,24716,22.6679,114.011749,11,9,18,0,1
1571,24717,22.58445,114.053368,22,5,43,0,1
1572,24718,22.559143,113.91526,9,18,75,0,1
1573,24719,22.618587,114.081635,21,2,37,0,1
1574,24720,22.558783,113.947121,21,15,14,0,1
1575,24721,22.593767,113.813187,22,28,27,0,1
1576,24722,22.524483,113.914436,22,18,27,0,1
1577,24723,22.60865,114.068634,22,4,43,0,1
1578,24724,22.585051,113.87748,11,22,55,0,1
1579,24726,22.563583,113.862602,22,23,27,0,1
1580,24728,22.536125,113.910507,21,19,14,0,1
1581,24729,22.53055,114.028152,6,7,15,0,1
1582,24730,22.649883,113.883919,16,21,5,0,1
1583,24731,22.614616,113.841515,4,25,70,0,1
1584,24732,22.656633,114.039734,9,6,31,0,1
1585,24733,22.543217,113.889687,2,20,6,0,1
1586,24734,22.556801,114.043404,5,6,25,0,1
1587,24735,22.5408,113.929298,3,17,58,0,1
1588,24736,22.549299,113.892303,4,20,89,0,1
1589,24737,22.518217,113.922203,11,17,55,0,1
1590,24738,22.601801,114.043098,1,6,20,0,1
1591,24739,22.5823,113.971802,5,13,25,0,1
1592,24741,22.522345,114.045609,12,6,53,0,1
1593,24742,22.5431,114.075798,20,3,26,0,1
1594,24745,22.541401,114.0952,9,1,68,0,1
1595,24746,22.553301,113.987297,22,11,43,0,1
1596,24747,22.5476,114.027901,10,7,8,0,1
1597,24748,22.545,113.813202,16,28,86,0,1
1598,24749,22.5354,114.062798,11,4,18,0,1
1599,24751,22.6126,113.922897,4,17,73,0,1
1600,24752,22.558201,114.077904,4,3,-1,0,1
1601,24753,22.600416,114.043503,19,6,17,0,1
1602,24755,22.567766,114.029434,22,7,43,0,1
1603,24756,22.5242,114.060097,22,4,43,0,1
1604,24757,22.551233,114.055702,22,5,43,0,1
1605,24758,22.61175,114.019852,5,8,25,0,1
1606,24759,22.532717,114.055298,15,5,28,0,1
1607,24760,22.568367,113.879768,5,21,62,0,1
1608,24761,22.521633,114.026199,12,8,53,0,1
1609,24762,22.528282,114.029564,5,7,25,0,1
1610,24763,22.539083,113.970901,5,13,25,0,1
1611,24764,22.526484,114.024315,6,8,15,0,1
1612,24765,22.541082,114.087318,5,2,98,0,1
1613,24766,22.53525,114.055984,9,5,31,0,1
1614,24767,22.5494,114.064499,5,4,25,0,1
1615,24768,22.543249,113.919334,1,18,72,0,1
1616,24769,22.549183,113.960732,4,14,48,0,1
1617,24770,22.523567,113.985153,11,11,18,0,1
1618,24771,22.551767,113.922951,4,17,73,0,1
1619,24772,22.520634,114.043999,5,6,25,0,1
1620,24773,22.530399,114.063286,3,4,22,0,1
1621,24776,22.570333,114.026901,5,7,25,0,1
1622,24777,22.538383,114.053436,20,5,26,0,1
1623,24778,22.639084,114.055832,5,5,25,0,1
1624,24779,22.5909,114.003998,12,10,53,0,1
1625,24780,22.527399,114.038033,5,6,25,0,1
1626,24781,22.528584,113.889687,19,20,29,0,1
1627,24782,22.556299,114.048515,5,5,25,0,1
1628,24783,22.558268,113.952797,3,15,30,0,1
1629,24784,22.547649,113.928017,5,17,62,0,1
1630,24785,22.7843,113.9161,19,18,47,0,1
1631,24786,22.656834,113.911201,20,18,44,0,1
1632,24787,22.551983,114.044632,11,6,18,0,1
1633,24789,22.539316,113.962051,10,14,8,0,1
1634,24790,22.59215,113.890266,17,20,41,0,1
1635,24791,22.514618,114.041763,17,6,46,0,1
1636,24792,22.546516,114.05545,7,5,10,0,1
1637,24793,22.5317,114.0616,9,4,31,0,1
1638,24795,22.568501,114.007896,6,9,15,0,1
1639,24796,22.6112,114.077103,6,3,15,0,1
1640,24797,22.522499,113.932701,2,16,64,0,1
1641,24798,22.5228,113.972702,10,13,8,0,1
1642,24799,22.658199,113.971397,8,13,60,0,1
1643,24801,22.6534,113.851402,9,24,11,0,1
1644,24803,22.521099,114.042084,8,6,51,0,1
1645,24804,22.5522,114.068703,8,4,51,0,1
1646,24805,22.536501,114.057404,11,5,18,0,1
1647,24806,22.6238,113.8134,9,28,11,0,1
1648,24807,22.579428,113.882942,22,21,27,0,1
1649,24808,22.489847,113.911194,9,18,75,0,1
1650,24810,22.5305,113.949318,22,15,27,0,1
1651,24811,22.525133,114.027519,22,7,43,0,1
1652,24812,22.551832,113.922363,11,17,55,0,1
1653,24813,22.5618,113.887154,6,21,49,0,1
1654,24814,22.624617,114.034416,22,7,43,0,1
1655,24815,22.54155,113.949585,11,15,55,0,1
1656,24816,22.604317,113.861115,14,23,16,0,1
1657,24817,22.5532,113.918785,7,18,50,0,1
1658,24818,22.547533,113.928413,3,17,58,0,1
1659,24819,22.600451,114.043518,20,6,26,0,1
1660,24820,22.595716,113.969833,14,13,57,0,1
1661,24821,22.544817,113.945618,22,15,27,0,1
1662,24822,22.5686,114.012215,22,9,43,0,1
1663,24823,22.53875,114.01725,3,8,22,0,1
1664,24824,22.540667,113.918434,3,18,58,0,1
1665,24826,22.531549,114.059982,3,4,22,0,1
1666,24829,22.607433,114.063217,6,4,15,0,1
1667,24830,22.591911,114.01796,14,8,4,0,1
1668,24831,22.525696,113.928329,13,17,79,0,1
1669,24832,22.537735,113.965736,11,13,55,0,1
1670,24833,22.541262,114.07502,8,3,51,0,1
1671,24834,22.623123,113.959595,9,14,75,0,1
1672,24835,22.531399,113.924438,14,17,57,0,1
1673,24836,22.540823,114.044579,21,6,37,0,1
1674,24837,22.526716,113.924004,12,17,1,0,1
1675,24838,22.537132,114.028297,6,7,15,0,1
1676,24840,22.610483,113.814529,1,28,54,0,1
1677,24841,22.601749,113.902016,5,19,62,0,1
1678,24843,22.5394,113.982384,12,12,105,0,1
1679,24844,22.549917,114.039215,11,6,18,0,1
1680,24845,22.562218,113.89917,4,20,89,0,1
1681,24846,22.541599,113.960983,11,14,55,0,1
1682,24847,22.543217,113.96035,5,14,25,0,1
1683,24848,22.523666,113.986267,19,11,101,0,1
1684,24849,22.795473,114.065666,21,4,37,0,1
1685,24850,22.612499,113.838097,9,25,11,0,1
1686,24851,22.675819,113.823357,13,27,67,0,1
1687,24852,22.61014,113.818176,15,27,69,0,1
1688,24853,22.584364,113.863716,21,23,14,0,1
1689,24854,22.621906,114.027153,15,7,28,0,1
1690,24855,22.584829,113.820999,16,27,86,0,1
1691,24856,22.586205,113.890915,16,20,5,0,1
1692,24857,22.578148,113.85788,13,23,67,0,1
1693,24858,22.778093,113.834381,11,26,34,0,1
1694,24859,22.627211,113.812309,14,28,16,0,1
1695,24860,22.615433,113.823395,14,27,16,0,1
1696,24861,22.624901,113.851151,21,24,14,0,1
1697,24862,22.62476,113.813179,1,28,54,0,1
1698,24863,22.580362,113.889786,21,20,14,0,1
1699,24864,22.571831,113.875702,20,22,44,0,1
1700,24865,22.614338,114.017319,20,8,26,0,1
1701,24866,22.630138,113.806328,20,28,44,0,1
1702,24867,22.612789,113.844849,16,25,5,0,1
1703,24868,22.619055,113.809296,19,28,29,0,1
1704,24869,22.648298,114.033089,11,7,18,0,1
1705,24870,22.605513,113.860214,13,23,67,0,1
1706,24871,22.641117,113.821037,21,27,14,0,1
1707,24872,22.58696,113.871414,16,22,5,0,1
1708,24874,22.561527,113.89183,22,20,27,0,1
1709,24876,22.672083,113.984642,20,11,26,0,1
1710,24878,22.623241,114.056152,19,5,17,0,1
1711,24880,22.623976,114.022743,20,8,26,0,1
1712,24881,22.645281,113.950829,9,15,75,0,1
1713,24883,22.653152,114.037392,10,6,8,0,1
1714,24884,22.661928,114.021439,21,8,37,0,1
1715,24885,22.618925,114.016579,20,8,26,0,1
1716,24886,22.532801,113.949097,10,15,8,0,1
1717,24887,22.653074,113.89283,15,20,24,0,1
1718,24888,22.602362,113.844376,20,25,44,0,1
1719,24890,22.619699,113.830399,20,26,44,0,1
1720,24891,22.647699,114.017403,0,8,3,0,1
1721,24892,22.635,114.018997,19,8,17,0,1
1722,24893,22.674601,113.7976,16,29,35,0,1
1723,24894,22.6276,113.810303,9,28,11,0,1
1724,24895,22.5833,113.8759,2,22,6,0,1
1725,24896,22.6654,114.013496,3,9,22,0,1
1726,24897,22.610399,114.022697,10,8,8,0,1
1727,24898,22.645201,114.028099,17,7,46,0,1
1728,24899,22.5616,113.890404,22,20,27,0,1
1729,24900,22.6765,113.807999,10,28,8,0,1
1730,24901,22.6518,114.018204,1,8,20,0,1
1731,24902,22.652599,113.874001,19,22,29,0,1
1732,24903,22.563499,113.858002,12,23,1,0,1
1733,24904,23.052299,114.031303,9,7,31,0,1
1734,24905,22.646999,114.015701,19,9,17,0,1
1735,24906,22.7241,114.0252,0,8,3,0,1
1736,24907,22.716101,114.040199,8,6,51,0,1
1737,24908,22.7311,114.000801,2,10,9,0,1
1738,24909,22.666201,113.801003,3,29,97,0,1
1739,24910,22.688801,113.7966,4,29,102,0,1
1740,24911,22.627199,113.836899,2,25,61,0,1
1741,24912,22.637699,114.040703,6,6,15,0,1
1742,24913,22.569799,113.881203,9,21,11,0,1
1743,24914,22.584,113.8461,22,25,27,0,1
1744,24915,22.5832,113.855003,22,24,27,0,1
1745,24917,22.6642,113.995598,21,10,37,0,1
1746,24919,22.6451,113.829803,12,26,39,0,1
1747,24920,22.5674,113.871498,0,22,13,0,1
1748,24921,22.636499,114.016998,9,8,31,0,1
1749,24922,22.573601,113.879402,21,21,14,0,1
1750,24923,22.588499,113.884399,20,21,44,0,1
1751,24925,22.687,113.959099,8,14,60,0,1
1752,24926,22.577,113.888901,22,21,27,0,1
1753,24927,22.5767,113.857201,10,24,8,0,1
1754,24928,22.5716,113.859398,22,23,27,0,1
1755,24931,22.697567,114.007515,3,9,22,0,1
1756,24932,22.64185,114.034103,3,7,22,0,1
1757,24933,22.613899,114.016335,22,8,43,0,1
1758,24936,22.644182,114.014832,22,9,43,0,1
1759,24937,22.623934,114.027496,3,7,22,0,1
1760,24940,22.523783,114.031319,13,7,19,0,1
1761,24941,22.652718,114.01358,6,9,15,0,1
1762,24943,22.551382,113.897034,0,20,13,0,1
1763,24944,22.638067,114.058899,14,4,4,0,1
1764,24945,22.69335,114.011398,3,9,22,0,1
1765,24946,22.66885,113.991081,3,11,22,0,1
1766,24947,22.665068,114.024467,17,8,46,0,1
1767,24950,22.745333,114.009567,22,9,43,0,1
1768,24951,22.661449,114.024414,8,8,51,0,1
1769,24952,22.56815,113.812981,6,28,0,0,1
1770,24953,22.717051,114.047714,17,6,46,0,1
1771,24954,22.652483,114.055534,8,5,51,0,1
1772,24955,22.556749,114.029099,0,7,3,0,1
1773,24956,22.639732,113.9244,21,17,14,0,1
1774,24957,22.625317,114.055634,7,5,10,0,1
1775,24958,22.609533,114.055496,21,5,37,0,1
1776,24959,22.517467,113.929649,3,17,58,0,1
1777,24961,22.6782,114.02462,6,8,15,0,1
1778,24964,22.732401,114.019119,5,8,25,0,1
1779,24965,22.624649,114.032249,22,7,43,0,1
1780,24968,22.634233,114.016182,5,9,25,0,1
1781,24969,22.770117,113.897232,3,20,81,0,1
1782,24970,22.670732,113.813065,1,28,54,0,1
1783,24971,22.651283,114.010185,19,9,17,0,1
1784,24972,22.738283,113.991333,22,11,43,0,1
1785,24974,22.55265,114.0336,16,7,2,0,1
1786,24975,22.649218,114.05912,23,4,80,0,1
1787,24977,22.57435,113.916901,13,18,79,0,1
1788,24978,22.525833,113.813248,22,28,27,0,1
1789,24979,22.5474,114.099052,14,1,-1,0,1
1790,24980,22.5539,113.941833,0,16,65,0,1
1791,24981,22.607918,113.968735,8,13,60,0,1
1792,24982,22.613068,113.928352,4,17,73,0,1
1793,24983,22.564301,114.013718,12,9,53,0,1
1794,24984,22.6227,113.836304,12,26,39,0,1
1795,24985,22.582399,113.874199,1,22,7,0,1
1796,24986,22.5917,113.869102,1,22,7,0,1
1797,24987,22.6269,113.855598,19,24,29,0,1
1798,24988,22.6574,113.821999,12,27,39,0,1
1799,24989,22.721399,113.817299,9,27,11,0,1
1800,24990,22.562599,113.8097,19,28,29,0,1
1801,24991,22.652901,114.037498,3,6,22,0,1
1802,24992,22.5914,113.879898,14,21,16,0,1
1803,24993,22.5825,113.888702,13,21,67,0,1
1804,24994,22.7304,113.820198,9,27,11,0,1
1805,24995,22.702499,113.814598,10,28,8,0,1
1806,24996,22.632401,113.835999,10,26,8,0,1
1807,24997,22.673,113.870201,9,22,11,0,1
1808,24998,22.62265,113.833702,14,26,16,0,1
1809,24999,22.527117,114.041801,15,6,28,0,1
1810,25001,22.668699,113.829102,7,26,-1,0,1
1811,25002,22.5655,113.802101,21,29,14,0,1
1812,25003,22.718201,113.806602,7,28,78,0,1
1813,25004,22.618601,113.835197,16,26,5,0,1
1814,25005,22.5884,113.871803,15,22,24,0,1
1815,25006,22.571301,113.900101,12,19,1,0,1
1816,25007,22.562901,113.899002,8,20,36,0,1
1817,25008,22.625,113.8535,9,24,11,0,1
1818,25009,22.5903,113.872398,20,22,44,0,1
1819,25010,22.643,114.033203,10,7,8,0,1
1820,25011,22.539049,113.914131,14,18,57,0,1
1821,25013,22.579149,114.076134,14,3,4,0,1
1822,25014,22.626984,113.809669,16,28,86,0,1
1823,25015,22.543234,114.069054,16,4,2,0,1
1824,25016,22.552116,114.083801,14,2,4,0,1
1825,25017,22.524967,113.926186,22,17,27,0,1
1826,25018,22.522568,113.811615,20,28,44,0,1
1827,25021,22.568933,114.011932,11,9,18,0,1
1828,25022,22.53055,114.038383,11,6,18,0,1
1829,25023,22.537767,114.064552,16,4,2,0,1
1830,25024,22.537867,114.090149,16,2,87,0,1
1831,25025,22.525101,113.994164,16,11,-1,0,1
1832,25026,22.582951,114.025986,16,8,2,0,1
1833,25027,22.588133,113.869698,22,22,27,0,1
1834,25028,22.661266,113.813103,1,28,54,0,1
1835,25031,22.6721,114.04673,22,6,43,0,1
1836,25032,22.630182,114.032417,6,7,15,0,1
1837,25033,22.626867,113.797485,3,29,97,0,1
1838,25035,22.587999,113.854736,9,24,11,0,1
1839,25036,22.6978,113.813232,9,28,11,0,1
1840,25037,22.638683,114.04567,2,6,9,0,1
1841,25038,22.624933,114.005234,9,10,31,0,1
1842,25040,22.704683,113.947449,0,15,65,0,1
1843,25042,22.7379,113.796066,4,29,102,0,1
1844,25043,22.626917,113.80983,1,28,54,0,1
1845,25044,22.648382,114.03212,11,7,18,0,1
1846,25045,22.666233,114.024582,10,8,8,0,1
1847,25046,22.734068,114.021049,15,8,28,0,1
1848,25047,22.626818,113.809814,3,28,97,0,1
1849,25048,22.657932,114.016449,18,8,94,0,1
1850,25049,22.602051,114.041298,22,6,43,0,1
1851,25050,22.566296,113.889877,19,20,29,0,1
1852,25051,22.5732,113.848999,4,24,70,0,1
1853,25052,22.526966,114.025017,14,8,4,0,1
1854,25055,22.532101,113.909935,8,19,36,0,1
1855,25056,22.5923,113.895699,9,20,11,0,1
1856,25057,22.556316,114.038498,15,6,28,0,1
1857,25058,22.551701,114.047348,22,6,43,0,1
1858,25059,22.74225,114.028099,19,7,17,0,1
1859,25060,22.57955,114.016083,16,9,2,0,1
1860,25061,22.597517,113.910416,20,19,44,0,1
1861,25062,22.633024,113.822342,16,27,86,0,1
1862,25063,22.558832,114.098534,2,1,52,0,1
1863,25064,22.63065,114.097267,6,1,93,0,1
1864,25065,22.588751,113.917198,19,18,47,0,1
1865,25066,22.656569,113.859451,19,23,29,0,1
1866,25067,22.547417,113.918518,6,18,49,0,1
1867,25068,22.732025,113.83107,13,26,67,0,1
1868,25069,22.571873,113.855377,21,24,14,0,1
1869,25070,22.566584,114.087997,3,2,22,0,1
1870,25071,22.4907,113.931,7,17,50,0,1
1871,25072,22.548384,114.026649,14,8,4,0,1
1872,25073,22.56715,113.864716,22,23,27,0,1
1873,25075,22.57375,113.872482,21,22,14,0,1
1874,25076,22.623882,114.024071,8,8,51,0,1
1875,25077,22.559334,113.86393,12,23,1,0,1
1876,25078,22.611334,114.0215,20,8,26,0,1
1877,25080,22.627268,113.810181,22,28,27,0,1
1878,25081,22.5807,113.833397,4,26,70,0,1
1879,25082,22.6633,114.027603,9,7,31,0,1
1880,25083,22.6187,113.852501,16,24,5,0,1
1881,25084,22.622,113.807602,14,28,16,0,1
1882,25085,22.627899,114.033401,22,7,43,0,1
1883,25086,22.633499,114.026802,19,8,17,0,1
1884,25087,22.573299,113.8573,13,24,67,0,1
1885,25088,22.5854,113.858498,21,23,14,0,1
1886,25089,22.672001,113.862701,19,23,29,0,1
1887,25091,22.6817,114.030502,9,7,31,0,1
1888,25092,22.570601,113.872597,7,22,56,0,1
1889,25094,22.732401,113.989799,14,11,57,0,1
1890,25095,22.6092,114.0718,10,3,8,0,1
1891,25096,22.5604,113.879997,21,21,14,0,1
1892,25097,22.535717,113.897469,14,20,57,0,1
1893,25098,22.556999,113.865601,10,23,8,0,1
1894,25099,22.6017,114.044731,15,6,28,0,1
1895,25101,22.5595,113.919235,14,18,57,0,1
1896,25102,22.55625,114.059097,18,4,42,0,1
1897,25103,22.500032,113.915733,15,18,24,0,1
1898,25104,22.566032,114.029701,10,7,8,0,1
1899,25105,22.542067,113.99295,7,11,-1,0,1
1900,25106,22.5753,113.861603,19,23,29,0,1
1901,25107,22.5728,113.855904,13,24,67,0,1
1902,25108,22.611183,114.022148,23,8,84,0,1
1903,25109,22.623318,113.806801,1,28,54,0,1
1904,25110,22.600901,114.020935,13,8,19,0,1
1905,25111,22.544666,114.020782,9,8,31,0,1
1906,25112,22.603216,113.94062,12,16,1,0,1
1907,25113,22.541933,113.961853,17,14,41,0,1
1908,25114,22.616617,113.940453,5,16,62,0,1
1909,25115,22.531584,114.014168,22,9,43,0,1
1910,25116,22.57015,114.040131,5,6,25,0,1
1911,25117,22.563316,114.030518,10,7,8,0,1
1912,25118,22.559717,113.851982,5,24,62,0,1
1913,25119,22.635017,113.838631,11,25,34,0,1
1914,25120,22.580883,114.099701,22,1,43,0,1
1915,25121,22.538349,114.081619,14,2,4,0,1
1916,25122,22.548,113.932953,22,16,27,0,1
1917,25123,22.549232,114.084084,5,2,98,0,1
1918,25124,22.556133,114.039299,13,6,19,0,1
1919,25125,22.563534,113.889534,0,20,13,0,1
1920,25128,22.608299,113.92485,23,17,-1,0,1
1921,25129,22.607468,113.940865,11,16,55,0,1
1922,25130,22.56835,113.901131,15,19,24,0,1
1923,25131,22.576599,114.099632,12,1,108,0,1
1924,25132,22.5613,114.090797,19,1,82,0,1
1925,25133,22.613199,113.813599,13,28,67,0,1
1926,25134,22.542299,113.940598,9,16,75,0,1
1927,25135,22.584101,113.955498,22,14,27,0,1
1928,25138,22.577133,114.006302,5,9,25,0,1
1929,25139,22.5336,114.021881,5,8,25,0,1
1930,25140,22.61005,113.817734,9,27,11,0,1
1931,25141,22.521999,113.927666,5,17,62,0,1
1932,25142,22.567484,114.03418,4,7,23,0,1
1933,25143,22.612183,114.026031,20,8,26,0,1
1934,25144,22.581551,113.883003,2,21,6,0,1
1935,25146,22.531099,114.041496,10,6,8,0,1
1936,25147,22.5492,113.8134,9,28,11,0,1
1937,25148,22.5467,113.994003,8,11,51,0,1
1938,25149,22.583866,113.811531,3,28,97,0,1
1939,25150,22.5471,113.9627,0,14,65,0,1
1940,25151,22.54315,114.057899,6,5,15,0,1
1941,25152,22.570118,114.093948,5,1,98,0,1
1942,25153,22.540751,113.910049,1,19,72,0,1
1943,25154,22.569296,114.058571,8,4,51,0,1
1944,25155,22.5249,113.92897,8,17,36,0,1
1945,25156,22.511801,113.920403,12,18,1,0,1
1946,25157,22.5387,113.909698,6,19,49,0,1
1947,25158,22.552233,114.063385,22,4,43,0,1
1948,25159,22.559095,114.062653,14,4,4,0,1
1949,25160,22.5093,113.8386,20,25,44,0,1
1950,25161,22.5833,113.949799,8,15,60,0,1
1951,25162,22.621067,114.035095,17,7,46,0,1
1952,25163,22.6054,114.059998,5,4,25,0,1
1953,25164,22.552322,113.918907,0,18,13,0,1
1954,25165,22.705183,113.870087,15,22,24,0,1
1955,25166,22.572884,113.866501,11,23,55,0,1
1956,25167,22.59585,113.87545,7,22,56,0,1
1957,25168,22.582132,113.879616,11,21,55,0,1
1958,25169,22.5931,114.046303,14,6,4,0,1
1959,25170,22.559267,113.884331,22,21,27,0,1
1960,25171,22.5422,114.007301,21,9,37,0,1
1961,25172,22.579166,113.88485,11,21,55,0,1
1962,25173,22.604733,113.810448,1,28,54,0,1
1963,25174,22.599934,113.876663,12,22,1,0,1
1964,25175,22.683416,114.001167,8,10,51,0,1
1965,25177,22.631149,114.09642,15,1,28,0,1
1966,25178,22.561899,114.043404,6,6,15,0,1
1967,25179,22.5625,114.0383,11,6,18,0,1
1968,25180,22.716618,114.06675,14,4,4,0,1
1969,25182,22.627617,114.018486,19,8,17,0,1
1970,25183,22.663816,114.011948,4,9,12,0,1
1971,25185,22.608299,114.0252,21,8,37,0,1
1972,25186,22.631018,114.024368,14,8,4,0,1
1973,25187,22.656633,114.029503,16,7,2,0,1
1974,25188,22.576599,114.032501,12,7,53,0,1
1975,25189,22.6339,113.993149,3,11,22,0,1
1976,25191,22.5502,113.919197,21,18,14,0,1
1977,25192,22.5301,113.9245,11,17,55,0,1
1978,25193,22.63295,114.007332,7,9,10,0,1
1979,25194,22.555,113.866203,11,23,55,0,1
1980,25195,22.6416,114.038216,7,6,10,0,1
1981,25196,22.98,113.724297,0,36,-1,0,1
1982,25197,22.5718,114.096901,1,1,76,0,1
1983,25198,22.666468,113.997368,10,10,8,0,1
1984,25199,22.538099,114.099968,15,1,28,0,1
1985,25200,22.607233,114.059868,0,4,3,0,1
1986,25201,22.650801,114.012451,23,9,84,0,1
1987,25202,22.610983,113.922249,22,17,27,0,1
1988,25203,22.624617,114.032448,22,7,43,0,1
1989,25204,22.569767,113.85733,22,24,27,0,1
1990,25205,22.57655,114.080521,22,2,43,0,1
1991,25206,22.576767,114.084732,22,2,43,0,1
1992,25207,22.556067,114.05407,6,5,15,0,1
1993,25208,22.5555,113.89653,5,20,62,0,1
1994,25209,22.530184,113.922935,12,17,1,0,1
1995,25210,22.5662,114.051537,6,5,15,0,1
1996,25211,22.594316,114.043564,5,6,25,0,1
1997,25212,22.592484,113.917252,5,18,62,0,1
1998,25213,22.531866,114.07518,14,3,4,0,1
1999,25214,22.5914,114.028397,16,7,2,0,1
2000,25215,22.600218,113.935081,22,16,27,0,1
2001,25216,22.56525,113.863953,21,23,14,0,1
2002,25217,22.612183,113.843231,3,25,71,0,1
2003,25218,22.721666,113.823532,11,27,34,0,1
